<application>
  <component name="DimensionService">
    <location key="WELCOME_SCREEN.0.0.3024.1964@192dpi" x="1512" y="600" />
  </component>
  <component name="WindowManager">
    <frame x="56" y="58" width="1400" height="904" />
  </component>
  <component name="WindowStateApplicationService">
    <state x="756" y="300" key="WELCOME_SCREEN" timestamp="1730730532115">
      <screen x="0" y="38" width="1512" height="944" />
    </state>
    <state x="756" y="300" key="WELCOME_SCREEN/0.38.1512.944" timestamp="1730730532115" />
  </component>
</application>