<application>
  <component name="FileTypeManager" version="18">
    <extensionMap>
      <mapping pattern="onboarding_mute.xml" type="AUTO_DETECTED" />
      <mapping pattern="seededtheme_light.json" type="AUTO_DETECTED" />
      <mapping pattern="onboarding_unmute.xml" type="AUTO_DETECTED" />
      <mapping pattern="ta_v9.mp3" type="AUTO_DETECTED" />
      <mapping pattern="ta_v5" type="AUTO_DETECTED" />
      <mapping pattern="seeded_themes.json" type="AUTO_DETECTED" />
      <mapping ext="gradle.kts" type="Kotlin" />
      <mapping ext="main.kts" type="Kotlin" />
      <mapping ext="proto" type="PLAIN_TEXT" />
      <removed_mapping ext="apk" approved="true" type="ARCHIVE" />
      <removed_mapping ext="psd" approved="true" type="Image" />
    </extensionMap>
  </component>
</application>