<application>
  <component name="ProjectJdkTable">
    <jdk version="2">
      <name value="1.8" />
      <type value="JavaSDK" />
      <version value="version 1.8.0_302" />
      <homePath value="$USER_HOME$/.jdks/corretto-1.8.0_302" />
      <roots>
        <annotationsPath>
          <root type="composite">
            <root url="jar://$APPLICATION_HOME_DIR$/plugins/java/lib/jdkAnnotations.jar!/" type="simple" />
          </root>
        </annotationsPath>
        <classPath>
          <root type="composite">
            <root url="jar://$USER_HOME$/.jdks/corretto-1.8.0_302/jre/lib/charsets.jar!/" type="simple" />
            <root url="jar://$USER_HOME$/.jdks/corretto-1.8.0_302/jre/lib/ext/access-bridge-64.jar!/" type="simple" />
            <root url="jar://$USER_HOME$/.jdks/corretto-1.8.0_302/jre/lib/ext/cldrdata.jar!/" type="simple" />
            <root url="jar://$USER_HOME$/.jdks/corretto-1.8.0_302/jre/lib/ext/dnsns.jar!/" type="simple" />
            <root url="jar://$USER_HOME$/.jdks/corretto-1.8.0_302/jre/lib/ext/jaccess.jar!/" type="simple" />
            <root url="jar://$USER_HOME$/.jdks/corretto-1.8.0_302/jre/lib/ext/jfxrt.jar!/" type="simple" />
            <root url="jar://$USER_HOME$/.jdks/corretto-1.8.0_302/jre/lib/ext/localedata.jar!/" type="simple" />
            <root url="jar://$USER_HOME$/.jdks/corretto-1.8.0_302/jre/lib/ext/nashorn.jar!/" type="simple" />
            <root url="jar://$USER_HOME$/.jdks/corretto-1.8.0_302/jre/lib/ext/sunec.jar!/" type="simple" />
            <root url="jar://$USER_HOME$/.jdks/corretto-1.8.0_302/jre/lib/ext/sunjce_provider.jar!/" type="simple" />
            <root url="jar://$USER_HOME$/.jdks/corretto-1.8.0_302/jre/lib/ext/sunmscapi.jar!/" type="simple" />
            <root url="jar://$USER_HOME$/.jdks/corretto-1.8.0_302/jre/lib/ext/sunpkcs11.jar!/" type="simple" />
            <root url="jar://$USER_HOME$/.jdks/corretto-1.8.0_302/jre/lib/ext/zipfs.jar!/" type="simple" />
            <root url="jar://$USER_HOME$/.jdks/corretto-1.8.0_302/jre/lib/jce.jar!/" type="simple" />
            <root url="jar://$USER_HOME$/.jdks/corretto-1.8.0_302/jre/lib/jfr.jar!/" type="simple" />
            <root url="jar://$USER_HOME$/.jdks/corretto-1.8.0_302/jre/lib/jfxswt.jar!/" type="simple" />
            <root url="jar://$USER_HOME$/.jdks/corretto-1.8.0_302/jre/lib/jsse.jar!/" type="simple" />
            <root url="jar://$USER_HOME$/.jdks/corretto-1.8.0_302/jre/lib/management-agent.jar!/" type="simple" />
            <root url="jar://$USER_HOME$/.jdks/corretto-1.8.0_302/jre/lib/resources.jar!/" type="simple" />
            <root url="jar://$USER_HOME$/.jdks/corretto-1.8.0_302/jre/lib/rt.jar!/" type="simple" />
          </root>
        </classPath>
        <javadocPath>
          <root type="composite" />
        </javadocPath>
        <sourcePath>
          <root type="composite">
            <root url="jar://$USER_HOME$/.jdks/corretto-1.8.0_302/src.zip!/" type="simple" />
            <root url="jar://$USER_HOME$/.jdks/corretto-1.8.0_302/javafx-src.zip!/" type="simple" />
          </root>
        </sourcePath>
      </roots>
      <additional />
    </jdk>
    <jdk version="2">
      <name value="Kotlin SDK" />
      <type value="KotlinSDK" />
      <version value="1.4.10" />
      <homePath value="C:\Users\Rawlin\.AndroidStudio4.0\config\plugins\Kotlin\kotlinc" />
      <roots>
        <annotationsPath>
          <root type="composite" />
        </annotationsPath>
        <classPath>
          <root type="composite" />
        </classPath>
        <javadocPath>
          <root type="composite" />
        </javadocPath>
        <sourcePath>
          <root type="composite" />
        </sourcePath>
      </roots>
      <additional />
    </jdk>
    <jdk version="2">
      <name value="10" />
      <type value="JavaSDK" />
      <version value="version 10.0.2" />
      <homePath value="C:/Program Files/Java/jdk-10.0.2" />
      <roots>
        <annotationsPath>
          <root type="composite">
            <root url="jar://$APPLICATION_HOME_DIR$/plugins/java/lib/jdkAnnotations.jar!/" type="simple" />
          </root>
        </annotationsPath>
        <classPath>
          <root type="composite">
            <root url="jrt://C:/Program Files/Java/jdk-10.0.2!/java.activation" type="simple" />
            <root url="jrt://C:/Program Files/Java/jdk-10.0.2!/java.base" type="simple" />
            <root url="jrt://C:/Program Files/Java/jdk-10.0.2!/java.compiler" type="simple" />
            <root url="jrt://C:/Program Files/Java/jdk-10.0.2!/java.corba" type="simple" />
            <root url="jrt://C:/Program Files/Java/jdk-10.0.2!/java.datatransfer" type="simple" />
            <root url="jrt://C:/Program Files/Java/jdk-10.0.2!/java.desktop" type="simple" />
            <root url="jrt://C:/Program Files/Java/jdk-10.0.2!/java.instrument" type="simple" />
            <root url="jrt://C:/Program Files/Java/jdk-10.0.2!/java.jnlp" type="simple" />
            <root url="jrt://C:/Program Files/Java/jdk-10.0.2!/java.logging" type="simple" />
            <root url="jrt://C:/Program Files/Java/jdk-10.0.2!/java.management" type="simple" />
            <root url="jrt://C:/Program Files/Java/jdk-10.0.2!/java.management.rmi" type="simple" />
            <root url="jrt://C:/Program Files/Java/jdk-10.0.2!/java.naming" type="simple" />
            <root url="jrt://C:/Program Files/Java/jdk-10.0.2!/java.prefs" type="simple" />
            <root url="jrt://C:/Program Files/Java/jdk-10.0.2!/java.rmi" type="simple" />
            <root url="jrt://C:/Program Files/Java/jdk-10.0.2!/java.scripting" type="simple" />
            <root url="jrt://C:/Program Files/Java/jdk-10.0.2!/java.se" type="simple" />
            <root url="jrt://C:/Program Files/Java/jdk-10.0.2!/java.se.ee" type="simple" />
            <root url="jrt://C:/Program Files/Java/jdk-10.0.2!/java.security.jgss" type="simple" />
            <root url="jrt://C:/Program Files/Java/jdk-10.0.2!/java.security.sasl" type="simple" />
            <root url="jrt://C:/Program Files/Java/jdk-10.0.2!/java.smartcardio" type="simple" />
            <root url="jrt://C:/Program Files/Java/jdk-10.0.2!/java.sql" type="simple" />
            <root url="jrt://C:/Program Files/Java/jdk-10.0.2!/java.sql.rowset" type="simple" />
            <root url="jrt://C:/Program Files/Java/jdk-10.0.2!/java.transaction" type="simple" />
            <root url="jrt://C:/Program Files/Java/jdk-10.0.2!/java.xml" type="simple" />
            <root url="jrt://C:/Program Files/Java/jdk-10.0.2!/java.xml.bind" type="simple" />
            <root url="jrt://C:/Program Files/Java/jdk-10.0.2!/java.xml.crypto" type="simple" />
            <root url="jrt://C:/Program Files/Java/jdk-10.0.2!/java.xml.ws" type="simple" />
            <root url="jrt://C:/Program Files/Java/jdk-10.0.2!/java.xml.ws.annotation" type="simple" />
            <root url="jrt://C:/Program Files/Java/jdk-10.0.2!/javafx.base" type="simple" />
            <root url="jrt://C:/Program Files/Java/jdk-10.0.2!/javafx.controls" type="simple" />
            <root url="jrt://C:/Program Files/Java/jdk-10.0.2!/javafx.deploy" type="simple" />
            <root url="jrt://C:/Program Files/Java/jdk-10.0.2!/javafx.fxml" type="simple" />
            <root url="jrt://C:/Program Files/Java/jdk-10.0.2!/javafx.graphics" type="simple" />
            <root url="jrt://C:/Program Files/Java/jdk-10.0.2!/javafx.media" type="simple" />
            <root url="jrt://C:/Program Files/Java/jdk-10.0.2!/javafx.swing" type="simple" />
            <root url="jrt://C:/Program Files/Java/jdk-10.0.2!/javafx.web" type="simple" />
            <root url="jrt://C:/Program Files/Java/jdk-10.0.2!/jdk.accessibility" type="simple" />
            <root url="jrt://C:/Program Files/Java/jdk-10.0.2!/jdk.aot" type="simple" />
            <root url="jrt://C:/Program Files/Java/jdk-10.0.2!/jdk.attach" type="simple" />
            <root url="jrt://C:/Program Files/Java/jdk-10.0.2!/jdk.charsets" type="simple" />
            <root url="jrt://C:/Program Files/Java/jdk-10.0.2!/jdk.compiler" type="simple" />
            <root url="jrt://C:/Program Files/Java/jdk-10.0.2!/jdk.crypto.cryptoki" type="simple" />
            <root url="jrt://C:/Program Files/Java/jdk-10.0.2!/jdk.crypto.ec" type="simple" />
            <root url="jrt://C:/Program Files/Java/jdk-10.0.2!/jdk.crypto.mscapi" type="simple" />
            <root url="jrt://C:/Program Files/Java/jdk-10.0.2!/jdk.deploy" type="simple" />
            <root url="jrt://C:/Program Files/Java/jdk-10.0.2!/jdk.deploy.controlpanel" type="simple" />
            <root url="jrt://C:/Program Files/Java/jdk-10.0.2!/jdk.dynalink" type="simple" />
            <root url="jrt://C:/Program Files/Java/jdk-10.0.2!/jdk.editpad" type="simple" />
            <root url="jrt://C:/Program Files/Java/jdk-10.0.2!/jdk.hotspot.agent" type="simple" />
            <root url="jrt://C:/Program Files/Java/jdk-10.0.2!/jdk.httpserver" type="simple" />
            <root url="jrt://C:/Program Files/Java/jdk-10.0.2!/jdk.incubator.httpclient" type="simple" />
            <root url="jrt://C:/Program Files/Java/jdk-10.0.2!/jdk.internal.ed" type="simple" />
            <root url="jrt://C:/Program Files/Java/jdk-10.0.2!/jdk.internal.jvmstat" type="simple" />
            <root url="jrt://C:/Program Files/Java/jdk-10.0.2!/jdk.internal.le" type="simple" />
            <root url="jrt://C:/Program Files/Java/jdk-10.0.2!/jdk.internal.opt" type="simple" />
            <root url="jrt://C:/Program Files/Java/jdk-10.0.2!/jdk.internal.vm.ci" type="simple" />
            <root url="jrt://C:/Program Files/Java/jdk-10.0.2!/jdk.internal.vm.compiler" type="simple" />
            <root url="jrt://C:/Program Files/Java/jdk-10.0.2!/jdk.internal.vm.compiler.management" type="simple" />
            <root url="jrt://C:/Program Files/Java/jdk-10.0.2!/jdk.jartool" type="simple" />
            <root url="jrt://C:/Program Files/Java/jdk-10.0.2!/jdk.javadoc" type="simple" />
            <root url="jrt://C:/Program Files/Java/jdk-10.0.2!/jdk.javaws" type="simple" />
            <root url="jrt://C:/Program Files/Java/jdk-10.0.2!/jdk.jcmd" type="simple" />
            <root url="jrt://C:/Program Files/Java/jdk-10.0.2!/jdk.jconsole" type="simple" />
            <root url="jrt://C:/Program Files/Java/jdk-10.0.2!/jdk.jdeps" type="simple" />
            <root url="jrt://C:/Program Files/Java/jdk-10.0.2!/jdk.jdi" type="simple" />
            <root url="jrt://C:/Program Files/Java/jdk-10.0.2!/jdk.jdwp.agent" type="simple" />
            <root url="jrt://C:/Program Files/Java/jdk-10.0.2!/jdk.jfr" type="simple" />
            <root url="jrt://C:/Program Files/Java/jdk-10.0.2!/jdk.jlink" type="simple" />
            <root url="jrt://C:/Program Files/Java/jdk-10.0.2!/jdk.jshell" type="simple" />
            <root url="jrt://C:/Program Files/Java/jdk-10.0.2!/jdk.jsobject" type="simple" />
            <root url="jrt://C:/Program Files/Java/jdk-10.0.2!/jdk.jstatd" type="simple" />
            <root url="jrt://C:/Program Files/Java/jdk-10.0.2!/jdk.localedata" type="simple" />
            <root url="jrt://C:/Program Files/Java/jdk-10.0.2!/jdk.management" type="simple" />
            <root url="jrt://C:/Program Files/Java/jdk-10.0.2!/jdk.management.agent" type="simple" />
            <root url="jrt://C:/Program Files/Java/jdk-10.0.2!/jdk.management.cmm" type="simple" />
            <root url="jrt://C:/Program Files/Java/jdk-10.0.2!/jdk.management.jfr" type="simple" />
            <root url="jrt://C:/Program Files/Java/jdk-10.0.2!/jdk.management.resource" type="simple" />
            <root url="jrt://C:/Program Files/Java/jdk-10.0.2!/jdk.naming.dns" type="simple" />
            <root url="jrt://C:/Program Files/Java/jdk-10.0.2!/jdk.naming.rmi" type="simple" />
            <root url="jrt://C:/Program Files/Java/jdk-10.0.2!/jdk.net" type="simple" />
            <root url="jrt://C:/Program Files/Java/jdk-10.0.2!/jdk.pack" type="simple" />
            <root url="jrt://C:/Program Files/Java/jdk-10.0.2!/jdk.packager" type="simple" />
            <root url="jrt://C:/Program Files/Java/jdk-10.0.2!/jdk.packager.services" type="simple" />
            <root url="jrt://C:/Program Files/Java/jdk-10.0.2!/jdk.plugin" type="simple" />
            <root url="jrt://C:/Program Files/Java/jdk-10.0.2!/jdk.plugin.server" type="simple" />
            <root url="jrt://C:/Program Files/Java/jdk-10.0.2!/jdk.rmic" type="simple" />
            <root url="jrt://C:/Program Files/Java/jdk-10.0.2!/jdk.scripting.nashorn" type="simple" />
            <root url="jrt://C:/Program Files/Java/jdk-10.0.2!/jdk.scripting.nashorn.shell" type="simple" />
            <root url="jrt://C:/Program Files/Java/jdk-10.0.2!/jdk.sctp" type="simple" />
            <root url="jrt://C:/Program Files/Java/jdk-10.0.2!/jdk.security.auth" type="simple" />
            <root url="jrt://C:/Program Files/Java/jdk-10.0.2!/jdk.security.jgss" type="simple" />
            <root url="jrt://C:/Program Files/Java/jdk-10.0.2!/jdk.snmp" type="simple" />
            <root url="jrt://C:/Program Files/Java/jdk-10.0.2!/jdk.unsupported" type="simple" />
            <root url="jrt://C:/Program Files/Java/jdk-10.0.2!/jdk.xml.bind" type="simple" />
            <root url="jrt://C:/Program Files/Java/jdk-10.0.2!/jdk.xml.dom" type="simple" />
            <root url="jrt://C:/Program Files/Java/jdk-10.0.2!/jdk.xml.ws" type="simple" />
            <root url="jrt://C:/Program Files/Java/jdk-10.0.2!/jdk.zipfs" type="simple" />
            <root url="jrt://C:/Program Files/Java/jdk-10.0.2!/oracle.desktop" type="simple" />
            <root url="jrt://C:/Program Files/Java/jdk-10.0.2!/oracle.net" type="simple" />
          </root>
        </classPath>
        <javadocPath>
          <root type="composite" />
        </javadocPath>
        <sourcePath>
          <root type="composite">
            <root url="jar://C:/Program Files/Java/jdk-10.0.2/lib/src.zip!/java.se" type="simple" />
            <root url="jar://C:/Program Files/Java/jdk-10.0.2/lib/src.zip!/jdk.aot" type="simple" />
            <root url="jar://C:/Program Files/Java/jdk-10.0.2/lib/src.zip!/jdk.jdi" type="simple" />
            <root url="jar://C:/Program Files/Java/jdk-10.0.2/lib/src.zip!/jdk.net" type="simple" />
            <root url="jar://C:/Program Files/Java/jdk-10.0.2/lib/src.zip!/java.rmi" type="simple" />
            <root url="jar://C:/Program Files/Java/jdk-10.0.2/lib/src.zip!/java.sql" type="simple" />
            <root url="jar://C:/Program Files/Java/jdk-10.0.2/lib/src.zip!/java.xml" type="simple" />
            <root url="jar://C:/Program Files/Java/jdk-10.0.2/lib/src.zip!/jdk.jcmd" type="simple" />
            <root url="jar://C:/Program Files/Java/jdk-10.0.2/lib/src.zip!/jdk.pack" type="simple" />
            <root url="jar://C:/Program Files/Java/jdk-10.0.2/lib/src.zip!/jdk.rmic" type="simple" />
            <root url="jar://C:/Program Files/Java/jdk-10.0.2/lib/src.zip!/jdk.sctp" type="simple" />
            <root url="jar://C:/Program Files/Java/jdk-10.0.2/lib/src.zip!/java.base" type="simple" />
            <root url="jar://C:/Program Files/Java/jdk-10.0.2/lib/src.zip!/jdk.jdeps" type="simple" />
            <root url="jar://C:/Program Files/Java/jdk-10.0.2/lib/src.zip!/jdk.jlink" type="simple" />
            <root url="jar://C:/Program Files/Java/jdk-10.0.2/lib/src.zip!/jdk.zipfs" type="simple" />
            <root url="jar://C:/Program Files/Java/jdk-10.0.2/lib/src.zip!/java.corba" type="simple" />
            <root url="jar://C:/Program Files/Java/jdk-10.0.2/lib/src.zip!/java.prefs" type="simple" />
            <root url="jar://C:/Program Files/Java/jdk-10.0.2/lib/src.zip!/java.se.ee" type="simple" />
            <root url="jar://C:/Program Files/Java/jdk-10.0.2/lib/src.zip!/javafx.web" type="simple" />
            <root url="jar://C:/Program Files/Java/jdk-10.0.2/lib/src.zip!/jdk.attach" type="simple" />
            <root url="jar://C:/Program Files/Java/jdk-10.0.2/lib/src.zip!/jdk.jshell" type="simple" />
            <root url="jar://C:/Program Files/Java/jdk-10.0.2/lib/src.zip!/jdk.jstatd" type="simple" />
            <root url="jar://C:/Program Files/Java/jdk-10.0.2/lib/src.zip!/jdk.xml.ws" type="simple" />
            <root url="jar://C:/Program Files/Java/jdk-10.0.2/lib/src.zip!/java.naming" type="simple" />
            <root url="jar://C:/Program Files/Java/jdk-10.0.2/lib/src.zip!/java.xml.ws" type="simple" />
            <root url="jar://C:/Program Files/Java/jdk-10.0.2/lib/src.zip!/javafx.base" type="simple" />
            <root url="jar://C:/Program Files/Java/jdk-10.0.2/lib/src.zip!/javafx.fxml" type="simple" />
            <root url="jar://C:/Program Files/Java/jdk-10.0.2/lib/src.zip!/jdk.editpad" type="simple" />
            <root url="jar://C:/Program Files/Java/jdk-10.0.2/lib/src.zip!/jdk.jartool" type="simple" />
            <root url="jar://C:/Program Files/Java/jdk-10.0.2/lib/src.zip!/jdk.javadoc" type="simple" />
            <root url="jar://C:/Program Files/Java/jdk-10.0.2/lib/src.zip!/jdk.xml.dom" type="simple" />
            <root url="jar://C:/Program Files/Java/jdk-10.0.2/lib/src.zip!/java.desktop" type="simple" />
            <root url="jar://C:/Program Files/Java/jdk-10.0.2/lib/src.zip!/java.logging" type="simple" />
            <root url="jar://C:/Program Files/Java/jdk-10.0.2/lib/src.zip!/javafx.media" type="simple" />
            <root url="jar://C:/Program Files/Java/jdk-10.0.2/lib/src.zip!/javafx.swing" type="simple" />
            <root url="jar://C:/Program Files/Java/jdk-10.0.2/lib/src.zip!/jdk.charsets" type="simple" />
            <root url="jar://C:/Program Files/Java/jdk-10.0.2/lib/src.zip!/jdk.compiler" type="simple" />
            <root url="jar://C:/Program Files/Java/jdk-10.0.2/lib/src.zip!/jdk.dynalink" type="simple" />
            <root url="jar://C:/Program Files/Java/jdk-10.0.2/lib/src.zip!/jdk.jconsole" type="simple" />
            <root url="jar://C:/Program Files/Java/jdk-10.0.2/lib/src.zip!/jdk.jsobject" type="simple" />
            <root url="jar://C:/Program Files/Java/jdk-10.0.2/lib/src.zip!/jdk.packager" type="simple" />
            <root url="jar://C:/Program Files/Java/jdk-10.0.2/lib/src.zip!/jdk.xml.bind" type="simple" />
            <root url="jar://C:/Program Files/Java/jdk-10.0.2/lib/src.zip!/java.compiler" type="simple" />
            <root url="jar://C:/Program Files/Java/jdk-10.0.2/lib/src.zip!/java.xml.bind" type="simple" />
            <root url="jar://C:/Program Files/Java/jdk-10.0.2/lib/src.zip!/jdk.crypto.ec" type="simple" />
            <root url="jar://C:/Program Files/Java/jdk-10.0.2/lib/src.zip!/java.scripting" type="simple" />
            <root url="jar://C:/Program Files/Java/jdk-10.0.2/lib/src.zip!/jdk.httpserver" type="simple" />
            <root url="jar://C:/Program Files/Java/jdk-10.0.2/lib/src.zip!/jdk.jdwp.agent" type="simple" />
            <root url="jar://C:/Program Files/Java/jdk-10.0.2/lib/src.zip!/jdk.localedata" type="simple" />
            <root url="jar://C:/Program Files/Java/jdk-10.0.2/lib/src.zip!/jdk.management" type="simple" />
            <root url="jar://C:/Program Files/Java/jdk-10.0.2/lib/src.zip!/jdk.naming.dns" type="simple" />
            <root url="jar://C:/Program Files/Java/jdk-10.0.2/lib/src.zip!/jdk.naming.rmi" type="simple" />
            <root url="jar://C:/Program Files/Java/jdk-10.0.2/lib/src.zip!/java.activation" type="simple" />
            <root url="jar://C:/Program Files/Java/jdk-10.0.2/lib/src.zip!/java.instrument" type="simple" />
            <root url="jar://C:/Program Files/Java/jdk-10.0.2/lib/src.zip!/java.management" type="simple" />
            <root url="jar://C:/Program Files/Java/jdk-10.0.2/lib/src.zip!/java.sql.rowset" type="simple" />
            <root url="jar://C:/Program Files/Java/jdk-10.0.2/lib/src.zip!/java.xml.crypto" type="simple" />
            <root url="jar://C:/Program Files/Java/jdk-10.0.2/lib/src.zip!/javafx.controls" type="simple" />
            <root url="jar://C:/Program Files/Java/jdk-10.0.2/lib/src.zip!/javafx.graphics" type="simple" />
            <root url="jar://C:/Program Files/Java/jdk-10.0.2/lib/src.zip!/jdk.internal.ed" type="simple" />
            <root url="jar://C:/Program Files/Java/jdk-10.0.2/lib/src.zip!/jdk.internal.le" type="simple" />
            <root url="jar://C:/Program Files/Java/jdk-10.0.2/lib/src.zip!/jdk.unsupported" type="simple" />
            <root url="jar://C:/Program Files/Java/jdk-10.0.2/lib/src.zip!/java.smartcardio" type="simple" />
            <root url="jar://C:/Program Files/Java/jdk-10.0.2/lib/src.zip!/java.transaction" type="simple" />
            <root url="jar://C:/Program Files/Java/jdk-10.0.2/lib/src.zip!/jdk.internal.opt" type="simple" />
            <root url="jar://C:/Program Files/Java/jdk-10.0.2/lib/src.zip!/java.datatransfer" type="simple" />
            <root url="jar://C:/Program Files/Java/jdk-10.0.2/lib/src.zip!/jdk.accessibility" type="simple" />
            <root url="jar://C:/Program Files/Java/jdk-10.0.2/lib/src.zip!/jdk.crypto.mscapi" type="simple" />
            <root url="jar://C:/Program Files/Java/jdk-10.0.2/lib/src.zip!/jdk.hotspot.agent" type="simple" />
            <root url="jar://C:/Program Files/Java/jdk-10.0.2/lib/src.zip!/jdk.security.auth" type="simple" />
            <root url="jar://C:/Program Files/Java/jdk-10.0.2/lib/src.zip!/jdk.security.jgss" type="simple" />
            <root url="jar://C:/Program Files/Java/jdk-10.0.2/lib/src.zip!/java.security.jgss" type="simple" />
            <root url="jar://C:/Program Files/Java/jdk-10.0.2/lib/src.zip!/java.security.sasl" type="simple" />
            <root url="jar://C:/Program Files/Java/jdk-10.0.2/lib/src.zip!/jdk.internal.vm.ci" type="simple" />
            <root url="jar://C:/Program Files/Java/jdk-10.0.2/lib/src.zip!/java.management.rmi" type="simple" />
            <root url="jar://C:/Program Files/Java/jdk-10.0.2/lib/src.zip!/jdk.crypto.cryptoki" type="simple" />
            <root url="jar://C:/Program Files/Java/jdk-10.0.2/lib/src.zip!/jdk.internal.jvmstat" type="simple" />
            <root url="jar://C:/Program Files/Java/jdk-10.0.2/lib/src.zip!/jdk.management.agent" type="simple" />
            <root url="jar://C:/Program Files/Java/jdk-10.0.2/lib/src.zip!/jdk.packager.services" type="simple" />
            <root url="jar://C:/Program Files/Java/jdk-10.0.2/lib/src.zip!/jdk.scripting.nashorn" type="simple" />
            <root url="jar://C:/Program Files/Java/jdk-10.0.2/lib/src.zip!/java.xml.ws.annotation" type="simple" />
            <root url="jar://C:/Program Files/Java/jdk-10.0.2/lib/src.zip!/jdk.incubator.httpclient" type="simple" />
            <root url="jar://C:/Program Files/Java/jdk-10.0.2/lib/src.zip!/jdk.internal.vm.compiler" type="simple" />
            <root url="jar://C:/Program Files/Java/jdk-10.0.2/lib/src.zip!/jdk.scripting.nashorn.shell" type="simple" />
            <root url="jar://C:/Program Files/Java/jdk-10.0.2/lib/src.zip!/jdk.internal.vm.compiler.management" type="simple" />
          </root>
        </sourcePath>
      </roots>
      <additional />
    </jdk>
    <jdk version="2">
      <name value="11" />
      <type value="JavaSDK" />
      <version value="version 11.0.11" />
      <homePath value="$APPLICATION_HOME_DIR$/jre" />
      <roots>
        <annotationsPath>
          <root type="composite">
            <root url="jar://$APPLICATION_HOME_DIR$/plugins/java/lib/jdkAnnotations.jar!/" type="simple" />
          </root>
        </annotationsPath>
        <classPath>
          <root type="composite">
            <root url="jrt://D:/Android Studio/jre!/java.base" type="simple" />
            <root url="jrt://D:/Android Studio/jre!/java.compiler" type="simple" />
            <root url="jrt://D:/Android Studio/jre!/java.datatransfer" type="simple" />
            <root url="jrt://D:/Android Studio/jre!/java.desktop" type="simple" />
            <root url="jrt://D:/Android Studio/jre!/java.instrument" type="simple" />
            <root url="jrt://D:/Android Studio/jre!/java.logging" type="simple" />
            <root url="jrt://D:/Android Studio/jre!/java.management" type="simple" />
            <root url="jrt://D:/Android Studio/jre!/java.management.rmi" type="simple" />
            <root url="jrt://D:/Android Studio/jre!/java.naming" type="simple" />
            <root url="jrt://D:/Android Studio/jre!/java.net.http" type="simple" />
            <root url="jrt://D:/Android Studio/jre!/java.prefs" type="simple" />
            <root url="jrt://D:/Android Studio/jre!/java.rmi" type="simple" />
            <root url="jrt://D:/Android Studio/jre!/java.scripting" type="simple" />
            <root url="jrt://D:/Android Studio/jre!/java.se" type="simple" />
            <root url="jrt://D:/Android Studio/jre!/java.security.jgss" type="simple" />
            <root url="jrt://D:/Android Studio/jre!/java.security.sasl" type="simple" />
            <root url="jrt://D:/Android Studio/jre!/java.smartcardio" type="simple" />
            <root url="jrt://D:/Android Studio/jre!/java.sql" type="simple" />
            <root url="jrt://D:/Android Studio/jre!/java.sql.rowset" type="simple" />
            <root url="jrt://D:/Android Studio/jre!/java.transaction.xa" type="simple" />
            <root url="jrt://D:/Android Studio/jre!/java.xml" type="simple" />
            <root url="jrt://D:/Android Studio/jre!/java.xml.crypto" type="simple" />
            <root url="jrt://D:/Android Studio/jre!/jdk.accessibility" type="simple" />
            <root url="jrt://D:/Android Studio/jre!/jdk.aot" type="simple" />
            <root url="jrt://D:/Android Studio/jre!/jdk.attach" type="simple" />
            <root url="jrt://D:/Android Studio/jre!/jdk.charsets" type="simple" />
            <root url="jrt://D:/Android Studio/jre!/jdk.compiler" type="simple" />
            <root url="jrt://D:/Android Studio/jre!/jdk.crypto.cryptoki" type="simple" />
            <root url="jrt://D:/Android Studio/jre!/jdk.crypto.ec" type="simple" />
            <root url="jrt://D:/Android Studio/jre!/jdk.dynalink" type="simple" />
            <root url="jrt://D:/Android Studio/jre!/jdk.hotspot.agent" type="simple" />
            <root url="jrt://D:/Android Studio/jre!/jdk.httpserver" type="simple" />
            <root url="jrt://D:/Android Studio/jre!/jdk.internal.ed" type="simple" />
            <root url="jrt://D:/Android Studio/jre!/jdk.internal.jvmstat" type="simple" />
            <root url="jrt://D:/Android Studio/jre!/jdk.internal.le" type="simple" />
            <root url="jrt://D:/Android Studio/jre!/jdk.internal.opt" type="simple" />
            <root url="jrt://D:/Android Studio/jre!/jdk.internal.vm.ci" type="simple" />
            <root url="jrt://D:/Android Studio/jre!/jdk.internal.vm.compiler" type="simple" />
            <root url="jrt://D:/Android Studio/jre!/jdk.internal.vm.compiler.management" type="simple" />
            <root url="jrt://D:/Android Studio/jre!/jdk.jartool" type="simple" />
            <root url="jrt://D:/Android Studio/jre!/jdk.javadoc" type="simple" />
            <root url="jrt://D:/Android Studio/jre!/jdk.jdeps" type="simple" />
            <root url="jrt://D:/Android Studio/jre!/jdk.jdi" type="simple" />
            <root url="jrt://D:/Android Studio/jre!/jdk.jdwp.agent" type="simple" />
            <root url="jrt://D:/Android Studio/jre!/jdk.jfr" type="simple" />
            <root url="jrt://D:/Android Studio/jre!/jdk.jlink" type="simple" />
            <root url="jrt://D:/Android Studio/jre!/jdk.jsobject" type="simple" />
            <root url="jrt://D:/Android Studio/jre!/jdk.localedata" type="simple" />
            <root url="jrt://D:/Android Studio/jre!/jdk.management" type="simple" />
            <root url="jrt://D:/Android Studio/jre!/jdk.management.agent" type="simple" />
            <root url="jrt://D:/Android Studio/jre!/jdk.management.jfr" type="simple" />
            <root url="jrt://D:/Android Studio/jre!/jdk.naming.dns" type="simple" />
            <root url="jrt://D:/Android Studio/jre!/jdk.naming.rmi" type="simple" />
            <root url="jrt://D:/Android Studio/jre!/jdk.net" type="simple" />
            <root url="jrt://D:/Android Studio/jre!/jdk.pack" type="simple" />
            <root url="jrt://D:/Android Studio/jre!/jdk.scripting.nashorn" type="simple" />
            <root url="jrt://D:/Android Studio/jre!/jdk.scripting.nashorn.shell" type="simple" />
            <root url="jrt://D:/Android Studio/jre!/jdk.sctp" type="simple" />
            <root url="jrt://D:/Android Studio/jre!/jdk.security.auth" type="simple" />
            <root url="jrt://D:/Android Studio/jre!/jdk.security.jgss" type="simple" />
            <root url="jrt://D:/Android Studio/jre!/jdk.unsupported" type="simple" />
            <root url="jrt://D:/Android Studio/jre!/jdk.xml.dom" type="simple" />
            <root url="jrt://D:/Android Studio/jre!/jdk.zipfs" type="simple" />
          </root>
        </classPath>
        <javadocPath>
          <root type="composite" />
        </javadocPath>
        <sourcePath>
          <root type="composite" />
        </sourcePath>
      </roots>
      <additional />
    </jdk>
    <jdk version="2">
      <name value="Embedded JDK" />
      <type value="JavaSDK" />
      <version value="version 11.0.11" />
      <homePath value="$APPLICATION_HOME_DIR$/jre" />
      <roots>
        <annotationsPath>
          <root type="composite">
            <root url="jar://$APPLICATION_HOME_DIR$/plugins/java/lib/jdkAnnotations.jar!/" type="simple" />
          </root>
        </annotationsPath>
        <classPath>
          <root type="composite">
            <root url="jrt://D:/Android Studio/jre!/java.base" type="simple" />
            <root url="jrt://D:/Android Studio/jre!/java.compiler" type="simple" />
            <root url="jrt://D:/Android Studio/jre!/java.datatransfer" type="simple" />
            <root url="jrt://D:/Android Studio/jre!/java.desktop" type="simple" />
            <root url="jrt://D:/Android Studio/jre!/java.instrument" type="simple" />
            <root url="jrt://D:/Android Studio/jre!/java.logging" type="simple" />
            <root url="jrt://D:/Android Studio/jre!/java.management" type="simple" />
            <root url="jrt://D:/Android Studio/jre!/java.management.rmi" type="simple" />
            <root url="jrt://D:/Android Studio/jre!/java.naming" type="simple" />
            <root url="jrt://D:/Android Studio/jre!/java.net.http" type="simple" />
            <root url="jrt://D:/Android Studio/jre!/java.prefs" type="simple" />
            <root url="jrt://D:/Android Studio/jre!/java.rmi" type="simple" />
            <root url="jrt://D:/Android Studio/jre!/java.scripting" type="simple" />
            <root url="jrt://D:/Android Studio/jre!/java.se" type="simple" />
            <root url="jrt://D:/Android Studio/jre!/java.security.jgss" type="simple" />
            <root url="jrt://D:/Android Studio/jre!/java.security.sasl" type="simple" />
            <root url="jrt://D:/Android Studio/jre!/java.smartcardio" type="simple" />
            <root url="jrt://D:/Android Studio/jre!/java.sql" type="simple" />
            <root url="jrt://D:/Android Studio/jre!/java.sql.rowset" type="simple" />
            <root url="jrt://D:/Android Studio/jre!/java.transaction.xa" type="simple" />
            <root url="jrt://D:/Android Studio/jre!/java.xml" type="simple" />
            <root url="jrt://D:/Android Studio/jre!/java.xml.crypto" type="simple" />
            <root url="jrt://D:/Android Studio/jre!/jdk.accessibility" type="simple" />
            <root url="jrt://D:/Android Studio/jre!/jdk.aot" type="simple" />
            <root url="jrt://D:/Android Studio/jre!/jdk.attach" type="simple" />
            <root url="jrt://D:/Android Studio/jre!/jdk.charsets" type="simple" />
            <root url="jrt://D:/Android Studio/jre!/jdk.compiler" type="simple" />
            <root url="jrt://D:/Android Studio/jre!/jdk.crypto.cryptoki" type="simple" />
            <root url="jrt://D:/Android Studio/jre!/jdk.crypto.ec" type="simple" />
            <root url="jrt://D:/Android Studio/jre!/jdk.dynalink" type="simple" />
            <root url="jrt://D:/Android Studio/jre!/jdk.hotspot.agent" type="simple" />
            <root url="jrt://D:/Android Studio/jre!/jdk.httpserver" type="simple" />
            <root url="jrt://D:/Android Studio/jre!/jdk.internal.ed" type="simple" />
            <root url="jrt://D:/Android Studio/jre!/jdk.internal.jvmstat" type="simple" />
            <root url="jrt://D:/Android Studio/jre!/jdk.internal.le" type="simple" />
            <root url="jrt://D:/Android Studio/jre!/jdk.internal.opt" type="simple" />
            <root url="jrt://D:/Android Studio/jre!/jdk.internal.vm.ci" type="simple" />
            <root url="jrt://D:/Android Studio/jre!/jdk.internal.vm.compiler" type="simple" />
            <root url="jrt://D:/Android Studio/jre!/jdk.internal.vm.compiler.management" type="simple" />
            <root url="jrt://D:/Android Studio/jre!/jdk.jartool" type="simple" />
            <root url="jrt://D:/Android Studio/jre!/jdk.javadoc" type="simple" />
            <root url="jrt://D:/Android Studio/jre!/jdk.jdeps" type="simple" />
            <root url="jrt://D:/Android Studio/jre!/jdk.jdi" type="simple" />
            <root url="jrt://D:/Android Studio/jre!/jdk.jdwp.agent" type="simple" />
            <root url="jrt://D:/Android Studio/jre!/jdk.jfr" type="simple" />
            <root url="jrt://D:/Android Studio/jre!/jdk.jlink" type="simple" />
            <root url="jrt://D:/Android Studio/jre!/jdk.jsobject" type="simple" />
            <root url="jrt://D:/Android Studio/jre!/jdk.localedata" type="simple" />
            <root url="jrt://D:/Android Studio/jre!/jdk.management" type="simple" />
            <root url="jrt://D:/Android Studio/jre!/jdk.management.agent" type="simple" />
            <root url="jrt://D:/Android Studio/jre!/jdk.management.jfr" type="simple" />
            <root url="jrt://D:/Android Studio/jre!/jdk.naming.dns" type="simple" />
            <root url="jrt://D:/Android Studio/jre!/jdk.naming.rmi" type="simple" />
            <root url="jrt://D:/Android Studio/jre!/jdk.net" type="simple" />
            <root url="jrt://D:/Android Studio/jre!/jdk.pack" type="simple" />
            <root url="jrt://D:/Android Studio/jre!/jdk.scripting.nashorn" type="simple" />
            <root url="jrt://D:/Android Studio/jre!/jdk.scripting.nashorn.shell" type="simple" />
            <root url="jrt://D:/Android Studio/jre!/jdk.sctp" type="simple" />
            <root url="jrt://D:/Android Studio/jre!/jdk.security.auth" type="simple" />
            <root url="jrt://D:/Android Studio/jre!/jdk.security.jgss" type="simple" />
            <root url="jrt://D:/Android Studio/jre!/jdk.unsupported" type="simple" />
            <root url="jrt://D:/Android Studio/jre!/jdk.xml.dom" type="simple" />
            <root url="jrt://D:/Android Studio/jre!/jdk.zipfs" type="simple" />
          </root>
        </classPath>
        <javadocPath>
          <root type="composite" />
        </javadocPath>
        <sourcePath>
          <root type="composite" />
        </sourcePath>
      </roots>
      <additional />
    </jdk>
    <jdk version="2">
      <name value="Android Studio java home" />
      <type value="JavaSDK" />
      <version value="version 10.0.2" />
      <homePath value="C:/Program Files/Java/jdk-10.0.2" />
      <roots>
        <annotationsPath>
          <root type="composite">
            <root url="jar://$APPLICATION_HOME_DIR$/plugins/java/lib/jdkAnnotations.jar!/" type="simple" />
          </root>
        </annotationsPath>
        <classPath>
          <root type="composite">
            <root url="jrt://C:/Program Files/Java/jdk-10.0.2!/java.activation" type="simple" />
            <root url="jrt://C:/Program Files/Java/jdk-10.0.2!/java.base" type="simple" />
            <root url="jrt://C:/Program Files/Java/jdk-10.0.2!/java.compiler" type="simple" />
            <root url="jrt://C:/Program Files/Java/jdk-10.0.2!/java.corba" type="simple" />
            <root url="jrt://C:/Program Files/Java/jdk-10.0.2!/java.datatransfer" type="simple" />
            <root url="jrt://C:/Program Files/Java/jdk-10.0.2!/java.desktop" type="simple" />
            <root url="jrt://C:/Program Files/Java/jdk-10.0.2!/java.instrument" type="simple" />
            <root url="jrt://C:/Program Files/Java/jdk-10.0.2!/java.jnlp" type="simple" />
            <root url="jrt://C:/Program Files/Java/jdk-10.0.2!/java.logging" type="simple" />
            <root url="jrt://C:/Program Files/Java/jdk-10.0.2!/java.management" type="simple" />
            <root url="jrt://C:/Program Files/Java/jdk-10.0.2!/java.management.rmi" type="simple" />
            <root url="jrt://C:/Program Files/Java/jdk-10.0.2!/java.naming" type="simple" />
            <root url="jrt://C:/Program Files/Java/jdk-10.0.2!/java.prefs" type="simple" />
            <root url="jrt://C:/Program Files/Java/jdk-10.0.2!/java.rmi" type="simple" />
            <root url="jrt://C:/Program Files/Java/jdk-10.0.2!/java.scripting" type="simple" />
            <root url="jrt://C:/Program Files/Java/jdk-10.0.2!/java.se" type="simple" />
            <root url="jrt://C:/Program Files/Java/jdk-10.0.2!/java.se.ee" type="simple" />
            <root url="jrt://C:/Program Files/Java/jdk-10.0.2!/java.security.jgss" type="simple" />
            <root url="jrt://C:/Program Files/Java/jdk-10.0.2!/java.security.sasl" type="simple" />
            <root url="jrt://C:/Program Files/Java/jdk-10.0.2!/java.smartcardio" type="simple" />
            <root url="jrt://C:/Program Files/Java/jdk-10.0.2!/java.sql" type="simple" />
            <root url="jrt://C:/Program Files/Java/jdk-10.0.2!/java.sql.rowset" type="simple" />
            <root url="jrt://C:/Program Files/Java/jdk-10.0.2!/java.transaction" type="simple" />
            <root url="jrt://C:/Program Files/Java/jdk-10.0.2!/java.xml" type="simple" />
            <root url="jrt://C:/Program Files/Java/jdk-10.0.2!/java.xml.bind" type="simple" />
            <root url="jrt://C:/Program Files/Java/jdk-10.0.2!/java.xml.crypto" type="simple" />
            <root url="jrt://C:/Program Files/Java/jdk-10.0.2!/java.xml.ws" type="simple" />
            <root url="jrt://C:/Program Files/Java/jdk-10.0.2!/java.xml.ws.annotation" type="simple" />
            <root url="jrt://C:/Program Files/Java/jdk-10.0.2!/javafx.base" type="simple" />
            <root url="jrt://C:/Program Files/Java/jdk-10.0.2!/javafx.controls" type="simple" />
            <root url="jrt://C:/Program Files/Java/jdk-10.0.2!/javafx.deploy" type="simple" />
            <root url="jrt://C:/Program Files/Java/jdk-10.0.2!/javafx.fxml" type="simple" />
            <root url="jrt://C:/Program Files/Java/jdk-10.0.2!/javafx.graphics" type="simple" />
            <root url="jrt://C:/Program Files/Java/jdk-10.0.2!/javafx.media" type="simple" />
            <root url="jrt://C:/Program Files/Java/jdk-10.0.2!/javafx.swing" type="simple" />
            <root url="jrt://C:/Program Files/Java/jdk-10.0.2!/javafx.web" type="simple" />
            <root url="jrt://C:/Program Files/Java/jdk-10.0.2!/jdk.accessibility" type="simple" />
            <root url="jrt://C:/Program Files/Java/jdk-10.0.2!/jdk.aot" type="simple" />
            <root url="jrt://C:/Program Files/Java/jdk-10.0.2!/jdk.attach" type="simple" />
            <root url="jrt://C:/Program Files/Java/jdk-10.0.2!/jdk.charsets" type="simple" />
            <root url="jrt://C:/Program Files/Java/jdk-10.0.2!/jdk.compiler" type="simple" />
            <root url="jrt://C:/Program Files/Java/jdk-10.0.2!/jdk.crypto.cryptoki" type="simple" />
            <root url="jrt://C:/Program Files/Java/jdk-10.0.2!/jdk.crypto.ec" type="simple" />
            <root url="jrt://C:/Program Files/Java/jdk-10.0.2!/jdk.crypto.mscapi" type="simple" />
            <root url="jrt://C:/Program Files/Java/jdk-10.0.2!/jdk.deploy" type="simple" />
            <root url="jrt://C:/Program Files/Java/jdk-10.0.2!/jdk.deploy.controlpanel" type="simple" />
            <root url="jrt://C:/Program Files/Java/jdk-10.0.2!/jdk.dynalink" type="simple" />
            <root url="jrt://C:/Program Files/Java/jdk-10.0.2!/jdk.editpad" type="simple" />
            <root url="jrt://C:/Program Files/Java/jdk-10.0.2!/jdk.hotspot.agent" type="simple" />
            <root url="jrt://C:/Program Files/Java/jdk-10.0.2!/jdk.httpserver" type="simple" />
            <root url="jrt://C:/Program Files/Java/jdk-10.0.2!/jdk.incubator.httpclient" type="simple" />
            <root url="jrt://C:/Program Files/Java/jdk-10.0.2!/jdk.internal.ed" type="simple" />
            <root url="jrt://C:/Program Files/Java/jdk-10.0.2!/jdk.internal.jvmstat" type="simple" />
            <root url="jrt://C:/Program Files/Java/jdk-10.0.2!/jdk.internal.le" type="simple" />
            <root url="jrt://C:/Program Files/Java/jdk-10.0.2!/jdk.internal.opt" type="simple" />
            <root url="jrt://C:/Program Files/Java/jdk-10.0.2!/jdk.internal.vm.ci" type="simple" />
            <root url="jrt://C:/Program Files/Java/jdk-10.0.2!/jdk.internal.vm.compiler" type="simple" />
            <root url="jrt://C:/Program Files/Java/jdk-10.0.2!/jdk.internal.vm.compiler.management" type="simple" />
            <root url="jrt://C:/Program Files/Java/jdk-10.0.2!/jdk.jartool" type="simple" />
            <root url="jrt://C:/Program Files/Java/jdk-10.0.2!/jdk.javadoc" type="simple" />
            <root url="jrt://C:/Program Files/Java/jdk-10.0.2!/jdk.javaws" type="simple" />
            <root url="jrt://C:/Program Files/Java/jdk-10.0.2!/jdk.jcmd" type="simple" />
            <root url="jrt://C:/Program Files/Java/jdk-10.0.2!/jdk.jconsole" type="simple" />
            <root url="jrt://C:/Program Files/Java/jdk-10.0.2!/jdk.jdeps" type="simple" />
            <root url="jrt://C:/Program Files/Java/jdk-10.0.2!/jdk.jdi" type="simple" />
            <root url="jrt://C:/Program Files/Java/jdk-10.0.2!/jdk.jdwp.agent" type="simple" />
            <root url="jrt://C:/Program Files/Java/jdk-10.0.2!/jdk.jfr" type="simple" />
            <root url="jrt://C:/Program Files/Java/jdk-10.0.2!/jdk.jlink" type="simple" />
            <root url="jrt://C:/Program Files/Java/jdk-10.0.2!/jdk.jshell" type="simple" />
            <root url="jrt://C:/Program Files/Java/jdk-10.0.2!/jdk.jsobject" type="simple" />
            <root url="jrt://C:/Program Files/Java/jdk-10.0.2!/jdk.jstatd" type="simple" />
            <root url="jrt://C:/Program Files/Java/jdk-10.0.2!/jdk.localedata" type="simple" />
            <root url="jrt://C:/Program Files/Java/jdk-10.0.2!/jdk.management" type="simple" />
            <root url="jrt://C:/Program Files/Java/jdk-10.0.2!/jdk.management.agent" type="simple" />
            <root url="jrt://C:/Program Files/Java/jdk-10.0.2!/jdk.management.cmm" type="simple" />
            <root url="jrt://C:/Program Files/Java/jdk-10.0.2!/jdk.management.jfr" type="simple" />
            <root url="jrt://C:/Program Files/Java/jdk-10.0.2!/jdk.management.resource" type="simple" />
            <root url="jrt://C:/Program Files/Java/jdk-10.0.2!/jdk.naming.dns" type="simple" />
            <root url="jrt://C:/Program Files/Java/jdk-10.0.2!/jdk.naming.rmi" type="simple" />
            <root url="jrt://C:/Program Files/Java/jdk-10.0.2!/jdk.net" type="simple" />
            <root url="jrt://C:/Program Files/Java/jdk-10.0.2!/jdk.pack" type="simple" />
            <root url="jrt://C:/Program Files/Java/jdk-10.0.2!/jdk.packager" type="simple" />
            <root url="jrt://C:/Program Files/Java/jdk-10.0.2!/jdk.packager.services" type="simple" />
            <root url="jrt://C:/Program Files/Java/jdk-10.0.2!/jdk.plugin" type="simple" />
            <root url="jrt://C:/Program Files/Java/jdk-10.0.2!/jdk.plugin.server" type="simple" />
            <root url="jrt://C:/Program Files/Java/jdk-10.0.2!/jdk.rmic" type="simple" />
            <root url="jrt://C:/Program Files/Java/jdk-10.0.2!/jdk.scripting.nashorn" type="simple" />
            <root url="jrt://C:/Program Files/Java/jdk-10.0.2!/jdk.scripting.nashorn.shell" type="simple" />
            <root url="jrt://C:/Program Files/Java/jdk-10.0.2!/jdk.sctp" type="simple" />
            <root url="jrt://C:/Program Files/Java/jdk-10.0.2!/jdk.security.auth" type="simple" />
            <root url="jrt://C:/Program Files/Java/jdk-10.0.2!/jdk.security.jgss" type="simple" />
            <root url="jrt://C:/Program Files/Java/jdk-10.0.2!/jdk.snmp" type="simple" />
            <root url="jrt://C:/Program Files/Java/jdk-10.0.2!/jdk.unsupported" type="simple" />
            <root url="jrt://C:/Program Files/Java/jdk-10.0.2!/jdk.xml.bind" type="simple" />
            <root url="jrt://C:/Program Files/Java/jdk-10.0.2!/jdk.xml.dom" type="simple" />
            <root url="jrt://C:/Program Files/Java/jdk-10.0.2!/jdk.xml.ws" type="simple" />
            <root url="jrt://C:/Program Files/Java/jdk-10.0.2!/jdk.zipfs" type="simple" />
            <root url="jrt://C:/Program Files/Java/jdk-10.0.2!/oracle.desktop" type="simple" />
            <root url="jrt://C:/Program Files/Java/jdk-10.0.2!/oracle.net" type="simple" />
          </root>
        </classPath>
        <javadocPath>
          <root type="composite" />
        </javadocPath>
        <sourcePath>
          <root type="composite">
            <root url="jar://C:/Program Files/Java/jdk-10.0.2/lib/src.zip!/java.se" type="simple" />
            <root url="jar://C:/Program Files/Java/jdk-10.0.2/lib/src.zip!/jdk.aot" type="simple" />
            <root url="jar://C:/Program Files/Java/jdk-10.0.2/lib/src.zip!/jdk.jdi" type="simple" />
            <root url="jar://C:/Program Files/Java/jdk-10.0.2/lib/src.zip!/jdk.net" type="simple" />
            <root url="jar://C:/Program Files/Java/jdk-10.0.2/lib/src.zip!/java.rmi" type="simple" />
            <root url="jar://C:/Program Files/Java/jdk-10.0.2/lib/src.zip!/java.sql" type="simple" />
            <root url="jar://C:/Program Files/Java/jdk-10.0.2/lib/src.zip!/java.xml" type="simple" />
            <root url="jar://C:/Program Files/Java/jdk-10.0.2/lib/src.zip!/jdk.jcmd" type="simple" />
            <root url="jar://C:/Program Files/Java/jdk-10.0.2/lib/src.zip!/jdk.pack" type="simple" />
            <root url="jar://C:/Program Files/Java/jdk-10.0.2/lib/src.zip!/jdk.rmic" type="simple" />
            <root url="jar://C:/Program Files/Java/jdk-10.0.2/lib/src.zip!/jdk.sctp" type="simple" />
            <root url="jar://C:/Program Files/Java/jdk-10.0.2/lib/src.zip!/java.base" type="simple" />
            <root url="jar://C:/Program Files/Java/jdk-10.0.2/lib/src.zip!/jdk.jdeps" type="simple" />
            <root url="jar://C:/Program Files/Java/jdk-10.0.2/lib/src.zip!/jdk.jlink" type="simple" />
            <root url="jar://C:/Program Files/Java/jdk-10.0.2/lib/src.zip!/jdk.zipfs" type="simple" />
            <root url="jar://C:/Program Files/Java/jdk-10.0.2/lib/src.zip!/java.corba" type="simple" />
            <root url="jar://C:/Program Files/Java/jdk-10.0.2/lib/src.zip!/java.prefs" type="simple" />
            <root url="jar://C:/Program Files/Java/jdk-10.0.2/lib/src.zip!/java.se.ee" type="simple" />
            <root url="jar://C:/Program Files/Java/jdk-10.0.2/lib/src.zip!/javafx.web" type="simple" />
            <root url="jar://C:/Program Files/Java/jdk-10.0.2/lib/src.zip!/jdk.attach" type="simple" />
            <root url="jar://C:/Program Files/Java/jdk-10.0.2/lib/src.zip!/jdk.jshell" type="simple" />
            <root url="jar://C:/Program Files/Java/jdk-10.0.2/lib/src.zip!/jdk.jstatd" type="simple" />
            <root url="jar://C:/Program Files/Java/jdk-10.0.2/lib/src.zip!/jdk.xml.ws" type="simple" />
            <root url="jar://C:/Program Files/Java/jdk-10.0.2/lib/src.zip!/java.naming" type="simple" />
            <root url="jar://C:/Program Files/Java/jdk-10.0.2/lib/src.zip!/java.xml.ws" type="simple" />
            <root url="jar://C:/Program Files/Java/jdk-10.0.2/lib/src.zip!/javafx.base" type="simple" />
            <root url="jar://C:/Program Files/Java/jdk-10.0.2/lib/src.zip!/javafx.fxml" type="simple" />
            <root url="jar://C:/Program Files/Java/jdk-10.0.2/lib/src.zip!/jdk.editpad" type="simple" />
            <root url="jar://C:/Program Files/Java/jdk-10.0.2/lib/src.zip!/jdk.jartool" type="simple" />
            <root url="jar://C:/Program Files/Java/jdk-10.0.2/lib/src.zip!/jdk.javadoc" type="simple" />
            <root url="jar://C:/Program Files/Java/jdk-10.0.2/lib/src.zip!/jdk.xml.dom" type="simple" />
            <root url="jar://C:/Program Files/Java/jdk-10.0.2/lib/src.zip!/java.desktop" type="simple" />
            <root url="jar://C:/Program Files/Java/jdk-10.0.2/lib/src.zip!/java.logging" type="simple" />
            <root url="jar://C:/Program Files/Java/jdk-10.0.2/lib/src.zip!/javafx.media" type="simple" />
            <root url="jar://C:/Program Files/Java/jdk-10.0.2/lib/src.zip!/javafx.swing" type="simple" />
            <root url="jar://C:/Program Files/Java/jdk-10.0.2/lib/src.zip!/jdk.charsets" type="simple" />
            <root url="jar://C:/Program Files/Java/jdk-10.0.2/lib/src.zip!/jdk.compiler" type="simple" />
            <root url="jar://C:/Program Files/Java/jdk-10.0.2/lib/src.zip!/jdk.dynalink" type="simple" />
            <root url="jar://C:/Program Files/Java/jdk-10.0.2/lib/src.zip!/jdk.jconsole" type="simple" />
            <root url="jar://C:/Program Files/Java/jdk-10.0.2/lib/src.zip!/jdk.jsobject" type="simple" />
            <root url="jar://C:/Program Files/Java/jdk-10.0.2/lib/src.zip!/jdk.packager" type="simple" />
            <root url="jar://C:/Program Files/Java/jdk-10.0.2/lib/src.zip!/jdk.xml.bind" type="simple" />
            <root url="jar://C:/Program Files/Java/jdk-10.0.2/lib/src.zip!/java.compiler" type="simple" />
            <root url="jar://C:/Program Files/Java/jdk-10.0.2/lib/src.zip!/java.xml.bind" type="simple" />
            <root url="jar://C:/Program Files/Java/jdk-10.0.2/lib/src.zip!/jdk.crypto.ec" type="simple" />
            <root url="jar://C:/Program Files/Java/jdk-10.0.2/lib/src.zip!/java.scripting" type="simple" />
            <root url="jar://C:/Program Files/Java/jdk-10.0.2/lib/src.zip!/jdk.httpserver" type="simple" />
            <root url="jar://C:/Program Files/Java/jdk-10.0.2/lib/src.zip!/jdk.jdwp.agent" type="simple" />
            <root url="jar://C:/Program Files/Java/jdk-10.0.2/lib/src.zip!/jdk.localedata" type="simple" />
            <root url="jar://C:/Program Files/Java/jdk-10.0.2/lib/src.zip!/jdk.management" type="simple" />
            <root url="jar://C:/Program Files/Java/jdk-10.0.2/lib/src.zip!/jdk.naming.dns" type="simple" />
            <root url="jar://C:/Program Files/Java/jdk-10.0.2/lib/src.zip!/jdk.naming.rmi" type="simple" />
            <root url="jar://C:/Program Files/Java/jdk-10.0.2/lib/src.zip!/java.activation" type="simple" />
            <root url="jar://C:/Program Files/Java/jdk-10.0.2/lib/src.zip!/java.instrument" type="simple" />
            <root url="jar://C:/Program Files/Java/jdk-10.0.2/lib/src.zip!/java.management" type="simple" />
            <root url="jar://C:/Program Files/Java/jdk-10.0.2/lib/src.zip!/java.sql.rowset" type="simple" />
            <root url="jar://C:/Program Files/Java/jdk-10.0.2/lib/src.zip!/java.xml.crypto" type="simple" />
            <root url="jar://C:/Program Files/Java/jdk-10.0.2/lib/src.zip!/javafx.controls" type="simple" />
            <root url="jar://C:/Program Files/Java/jdk-10.0.2/lib/src.zip!/javafx.graphics" type="simple" />
            <root url="jar://C:/Program Files/Java/jdk-10.0.2/lib/src.zip!/jdk.internal.ed" type="simple" />
            <root url="jar://C:/Program Files/Java/jdk-10.0.2/lib/src.zip!/jdk.internal.le" type="simple" />
            <root url="jar://C:/Program Files/Java/jdk-10.0.2/lib/src.zip!/jdk.unsupported" type="simple" />
            <root url="jar://C:/Program Files/Java/jdk-10.0.2/lib/src.zip!/java.smartcardio" type="simple" />
            <root url="jar://C:/Program Files/Java/jdk-10.0.2/lib/src.zip!/java.transaction" type="simple" />
            <root url="jar://C:/Program Files/Java/jdk-10.0.2/lib/src.zip!/jdk.internal.opt" type="simple" />
            <root url="jar://C:/Program Files/Java/jdk-10.0.2/lib/src.zip!/java.datatransfer" type="simple" />
            <root url="jar://C:/Program Files/Java/jdk-10.0.2/lib/src.zip!/jdk.accessibility" type="simple" />
            <root url="jar://C:/Program Files/Java/jdk-10.0.2/lib/src.zip!/jdk.crypto.mscapi" type="simple" />
            <root url="jar://C:/Program Files/Java/jdk-10.0.2/lib/src.zip!/jdk.hotspot.agent" type="simple" />
            <root url="jar://C:/Program Files/Java/jdk-10.0.2/lib/src.zip!/jdk.security.auth" type="simple" />
            <root url="jar://C:/Program Files/Java/jdk-10.0.2/lib/src.zip!/jdk.security.jgss" type="simple" />
            <root url="jar://C:/Program Files/Java/jdk-10.0.2/lib/src.zip!/java.security.jgss" type="simple" />
            <root url="jar://C:/Program Files/Java/jdk-10.0.2/lib/src.zip!/java.security.sasl" type="simple" />
            <root url="jar://C:/Program Files/Java/jdk-10.0.2/lib/src.zip!/jdk.internal.vm.ci" type="simple" />
            <root url="jar://C:/Program Files/Java/jdk-10.0.2/lib/src.zip!/java.management.rmi" type="simple" />
            <root url="jar://C:/Program Files/Java/jdk-10.0.2/lib/src.zip!/jdk.crypto.cryptoki" type="simple" />
            <root url="jar://C:/Program Files/Java/jdk-10.0.2/lib/src.zip!/jdk.internal.jvmstat" type="simple" />
            <root url="jar://C:/Program Files/Java/jdk-10.0.2/lib/src.zip!/jdk.management.agent" type="simple" />
            <root url="jar://C:/Program Files/Java/jdk-10.0.2/lib/src.zip!/jdk.packager.services" type="simple" />
            <root url="jar://C:/Program Files/Java/jdk-10.0.2/lib/src.zip!/jdk.scripting.nashorn" type="simple" />
            <root url="jar://C:/Program Files/Java/jdk-10.0.2/lib/src.zip!/java.xml.ws.annotation" type="simple" />
            <root url="jar://C:/Program Files/Java/jdk-10.0.2/lib/src.zip!/jdk.incubator.httpclient" type="simple" />
            <root url="jar://C:/Program Files/Java/jdk-10.0.2/lib/src.zip!/jdk.internal.vm.compiler" type="simple" />
            <root url="jar://C:/Program Files/Java/jdk-10.0.2/lib/src.zip!/jdk.scripting.nashorn.shell" type="simple" />
            <root url="jar://C:/Program Files/Java/jdk-10.0.2/lib/src.zip!/jdk.internal.vm.compiler.management" type="simple" />
          </root>
        </sourcePath>
      </roots>
      <additional />
    </jdk>
    <jdk version="2">
      <name value="openjdk-16" />
      <type value="JavaSDK" />
      <version value="version 16.0.2" />
      <homePath value="$USER_HOME$/.jdks/openjdk-16.0.2" />
      <roots>
        <annotationsPath>
          <root type="composite">
            <root url="jar://$APPLICATION_HOME_DIR$/plugins/java/lib/jdkAnnotations.jar!/" type="simple" />
          </root>
        </annotationsPath>
        <classPath>
          <root type="composite">
            <root url="jrt://C:/Users/Rawlin/.jdks/openjdk-16.0.2!/java.base" type="simple" />
            <root url="jrt://C:/Users/Rawlin/.jdks/openjdk-16.0.2!/java.compiler" type="simple" />
            <root url="jrt://C:/Users/Rawlin/.jdks/openjdk-16.0.2!/java.datatransfer" type="simple" />
            <root url="jrt://C:/Users/Rawlin/.jdks/openjdk-16.0.2!/java.desktop" type="simple" />
            <root url="jrt://C:/Users/Rawlin/.jdks/openjdk-16.0.2!/java.instrument" type="simple" />
            <root url="jrt://C:/Users/Rawlin/.jdks/openjdk-16.0.2!/java.logging" type="simple" />
            <root url="jrt://C:/Users/Rawlin/.jdks/openjdk-16.0.2!/java.management" type="simple" />
            <root url="jrt://C:/Users/Rawlin/.jdks/openjdk-16.0.2!/java.management.rmi" type="simple" />
            <root url="jrt://C:/Users/Rawlin/.jdks/openjdk-16.0.2!/java.naming" type="simple" />
            <root url="jrt://C:/Users/Rawlin/.jdks/openjdk-16.0.2!/java.net.http" type="simple" />
            <root url="jrt://C:/Users/Rawlin/.jdks/openjdk-16.0.2!/java.prefs" type="simple" />
            <root url="jrt://C:/Users/Rawlin/.jdks/openjdk-16.0.2!/java.rmi" type="simple" />
            <root url="jrt://C:/Users/Rawlin/.jdks/openjdk-16.0.2!/java.scripting" type="simple" />
            <root url="jrt://C:/Users/Rawlin/.jdks/openjdk-16.0.2!/java.se" type="simple" />
            <root url="jrt://C:/Users/Rawlin/.jdks/openjdk-16.0.2!/java.security.jgss" type="simple" />
            <root url="jrt://C:/Users/Rawlin/.jdks/openjdk-16.0.2!/java.security.sasl" type="simple" />
            <root url="jrt://C:/Users/Rawlin/.jdks/openjdk-16.0.2!/java.smartcardio" type="simple" />
            <root url="jrt://C:/Users/Rawlin/.jdks/openjdk-16.0.2!/java.sql" type="simple" />
            <root url="jrt://C:/Users/Rawlin/.jdks/openjdk-16.0.2!/java.sql.rowset" type="simple" />
            <root url="jrt://C:/Users/Rawlin/.jdks/openjdk-16.0.2!/java.transaction.xa" type="simple" />
            <root url="jrt://C:/Users/Rawlin/.jdks/openjdk-16.0.2!/java.xml" type="simple" />
            <root url="jrt://C:/Users/Rawlin/.jdks/openjdk-16.0.2!/java.xml.crypto" type="simple" />
            <root url="jrt://C:/Users/Rawlin/.jdks/openjdk-16.0.2!/jdk.accessibility" type="simple" />
            <root url="jrt://C:/Users/Rawlin/.jdks/openjdk-16.0.2!/jdk.attach" type="simple" />
            <root url="jrt://C:/Users/Rawlin/.jdks/openjdk-16.0.2!/jdk.charsets" type="simple" />
            <root url="jrt://C:/Users/Rawlin/.jdks/openjdk-16.0.2!/jdk.compiler" type="simple" />
            <root url="jrt://C:/Users/Rawlin/.jdks/openjdk-16.0.2!/jdk.crypto.cryptoki" type="simple" />
            <root url="jrt://C:/Users/Rawlin/.jdks/openjdk-16.0.2!/jdk.crypto.ec" type="simple" />
            <root url="jrt://C:/Users/Rawlin/.jdks/openjdk-16.0.2!/jdk.crypto.mscapi" type="simple" />
            <root url="jrt://C:/Users/Rawlin/.jdks/openjdk-16.0.2!/jdk.dynalink" type="simple" />
            <root url="jrt://C:/Users/Rawlin/.jdks/openjdk-16.0.2!/jdk.editpad" type="simple" />
            <root url="jrt://C:/Users/Rawlin/.jdks/openjdk-16.0.2!/jdk.hotspot.agent" type="simple" />
            <root url="jrt://C:/Users/Rawlin/.jdks/openjdk-16.0.2!/jdk.httpserver" type="simple" />
            <root url="jrt://C:/Users/Rawlin/.jdks/openjdk-16.0.2!/jdk.incubator.foreign" type="simple" />
            <root url="jrt://C:/Users/Rawlin/.jdks/openjdk-16.0.2!/jdk.incubator.vector" type="simple" />
            <root url="jrt://C:/Users/Rawlin/.jdks/openjdk-16.0.2!/jdk.internal.ed" type="simple" />
            <root url="jrt://C:/Users/Rawlin/.jdks/openjdk-16.0.2!/jdk.internal.jvmstat" type="simple" />
            <root url="jrt://C:/Users/Rawlin/.jdks/openjdk-16.0.2!/jdk.internal.le" type="simple" />
            <root url="jrt://C:/Users/Rawlin/.jdks/openjdk-16.0.2!/jdk.internal.opt" type="simple" />
            <root url="jrt://C:/Users/Rawlin/.jdks/openjdk-16.0.2!/jdk.internal.vm.ci" type="simple" />
            <root url="jrt://C:/Users/Rawlin/.jdks/openjdk-16.0.2!/jdk.jartool" type="simple" />
            <root url="jrt://C:/Users/Rawlin/.jdks/openjdk-16.0.2!/jdk.javadoc" type="simple" />
            <root url="jrt://C:/Users/Rawlin/.jdks/openjdk-16.0.2!/jdk.jcmd" type="simple" />
            <root url="jrt://C:/Users/Rawlin/.jdks/openjdk-16.0.2!/jdk.jconsole" type="simple" />
            <root url="jrt://C:/Users/Rawlin/.jdks/openjdk-16.0.2!/jdk.jdeps" type="simple" />
            <root url="jrt://C:/Users/Rawlin/.jdks/openjdk-16.0.2!/jdk.jdi" type="simple" />
            <root url="jrt://C:/Users/Rawlin/.jdks/openjdk-16.0.2!/jdk.jdwp.agent" type="simple" />
            <root url="jrt://C:/Users/Rawlin/.jdks/openjdk-16.0.2!/jdk.jfr" type="simple" />
            <root url="jrt://C:/Users/Rawlin/.jdks/openjdk-16.0.2!/jdk.jlink" type="simple" />
            <root url="jrt://C:/Users/Rawlin/.jdks/openjdk-16.0.2!/jdk.jpackage" type="simple" />
            <root url="jrt://C:/Users/Rawlin/.jdks/openjdk-16.0.2!/jdk.jshell" type="simple" />
            <root url="jrt://C:/Users/Rawlin/.jdks/openjdk-16.0.2!/jdk.jsobject" type="simple" />
            <root url="jrt://C:/Users/Rawlin/.jdks/openjdk-16.0.2!/jdk.jstatd" type="simple" />
            <root url="jrt://C:/Users/Rawlin/.jdks/openjdk-16.0.2!/jdk.localedata" type="simple" />
            <root url="jrt://C:/Users/Rawlin/.jdks/openjdk-16.0.2!/jdk.management" type="simple" />
            <root url="jrt://C:/Users/Rawlin/.jdks/openjdk-16.0.2!/jdk.management.agent" type="simple" />
            <root url="jrt://C:/Users/Rawlin/.jdks/openjdk-16.0.2!/jdk.management.jfr" type="simple" />
            <root url="jrt://C:/Users/Rawlin/.jdks/openjdk-16.0.2!/jdk.naming.dns" type="simple" />
            <root url="jrt://C:/Users/Rawlin/.jdks/openjdk-16.0.2!/jdk.naming.rmi" type="simple" />
            <root url="jrt://C:/Users/Rawlin/.jdks/openjdk-16.0.2!/jdk.net" type="simple" />
            <root url="jrt://C:/Users/Rawlin/.jdks/openjdk-16.0.2!/jdk.nio.mapmode" type="simple" />
            <root url="jrt://C:/Users/Rawlin/.jdks/openjdk-16.0.2!/jdk.sctp" type="simple" />
            <root url="jrt://C:/Users/Rawlin/.jdks/openjdk-16.0.2!/jdk.security.auth" type="simple" />
            <root url="jrt://C:/Users/Rawlin/.jdks/openjdk-16.0.2!/jdk.security.jgss" type="simple" />
            <root url="jrt://C:/Users/Rawlin/.jdks/openjdk-16.0.2!/jdk.unsupported" type="simple" />
            <root url="jrt://C:/Users/Rawlin/.jdks/openjdk-16.0.2!/jdk.unsupported.desktop" type="simple" />
            <root url="jrt://C:/Users/Rawlin/.jdks/openjdk-16.0.2!/jdk.xml.dom" type="simple" />
            <root url="jrt://C:/Users/Rawlin/.jdks/openjdk-16.0.2!/jdk.zipfs" type="simple" />
          </root>
        </classPath>
        <javadocPath>
          <root type="composite" />
        </javadocPath>
        <sourcePath>
          <root type="composite">
            <root url="jar://$USER_HOME$/.jdks/openjdk-16.0.2/lib/src.zip!/java.se" type="simple" />
            <root url="jar://$USER_HOME$/.jdks/openjdk-16.0.2/lib/src.zip!/jdk.jdi" type="simple" />
            <root url="jar://$USER_HOME$/.jdks/openjdk-16.0.2/lib/src.zip!/jdk.jfr" type="simple" />
            <root url="jar://$USER_HOME$/.jdks/openjdk-16.0.2/lib/src.zip!/jdk.net" type="simple" />
            <root url="jar://$USER_HOME$/.jdks/openjdk-16.0.2/lib/src.zip!/java.rmi" type="simple" />
            <root url="jar://$USER_HOME$/.jdks/openjdk-16.0.2/lib/src.zip!/java.sql" type="simple" />
            <root url="jar://$USER_HOME$/.jdks/openjdk-16.0.2/lib/src.zip!/java.xml" type="simple" />
            <root url="jar://$USER_HOME$/.jdks/openjdk-16.0.2/lib/src.zip!/jdk.jcmd" type="simple" />
            <root url="jar://$USER_HOME$/.jdks/openjdk-16.0.2/lib/src.zip!/jdk.sctp" type="simple" />
            <root url="jar://$USER_HOME$/.jdks/openjdk-16.0.2/lib/src.zip!/java.base" type="simple" />
            <root url="jar://$USER_HOME$/.jdks/openjdk-16.0.2/lib/src.zip!/jdk.jdeps" type="simple" />
            <root url="jar://$USER_HOME$/.jdks/openjdk-16.0.2/lib/src.zip!/jdk.jlink" type="simple" />
            <root url="jar://$USER_HOME$/.jdks/openjdk-16.0.2/lib/src.zip!/jdk.zipfs" type="simple" />
            <root url="jar://$USER_HOME$/.jdks/openjdk-16.0.2/lib/src.zip!/java.prefs" type="simple" />
            <root url="jar://$USER_HOME$/.jdks/openjdk-16.0.2/lib/src.zip!/jdk.attach" type="simple" />
            <root url="jar://$USER_HOME$/.jdks/openjdk-16.0.2/lib/src.zip!/jdk.jshell" type="simple" />
            <root url="jar://$USER_HOME$/.jdks/openjdk-16.0.2/lib/src.zip!/jdk.jstatd" type="simple" />
            <root url="jar://$USER_HOME$/.jdks/openjdk-16.0.2/lib/src.zip!/java.naming" type="simple" />
            <root url="jar://$USER_HOME$/.jdks/openjdk-16.0.2/lib/src.zip!/jdk.editpad" type="simple" />
            <root url="jar://$USER_HOME$/.jdks/openjdk-16.0.2/lib/src.zip!/jdk.jartool" type="simple" />
            <root url="jar://$USER_HOME$/.jdks/openjdk-16.0.2/lib/src.zip!/jdk.javadoc" type="simple" />
            <root url="jar://$USER_HOME$/.jdks/openjdk-16.0.2/lib/src.zip!/jdk.xml.dom" type="simple" />
            <root url="jar://$USER_HOME$/.jdks/openjdk-16.0.2/lib/src.zip!/java.desktop" type="simple" />
            <root url="jar://$USER_HOME$/.jdks/openjdk-16.0.2/lib/src.zip!/java.logging" type="simple" />
            <root url="jar://$USER_HOME$/.jdks/openjdk-16.0.2/lib/src.zip!/jdk.charsets" type="simple" />
            <root url="jar://$USER_HOME$/.jdks/openjdk-16.0.2/lib/src.zip!/jdk.compiler" type="simple" />
            <root url="jar://$USER_HOME$/.jdks/openjdk-16.0.2/lib/src.zip!/jdk.dynalink" type="simple" />
            <root url="jar://$USER_HOME$/.jdks/openjdk-16.0.2/lib/src.zip!/jdk.jconsole" type="simple" />
            <root url="jar://$USER_HOME$/.jdks/openjdk-16.0.2/lib/src.zip!/jdk.jpackage" type="simple" />
            <root url="jar://$USER_HOME$/.jdks/openjdk-16.0.2/lib/src.zip!/jdk.jsobject" type="simple" />
            <root url="jar://$USER_HOME$/.jdks/openjdk-16.0.2/lib/src.zip!/java.compiler" type="simple" />
            <root url="jar://$USER_HOME$/.jdks/openjdk-16.0.2/lib/src.zip!/java.net.http" type="simple" />
            <root url="jar://$USER_HOME$/.jdks/openjdk-16.0.2/lib/src.zip!/jdk.crypto.ec" type="simple" />
            <root url="jar://$USER_HOME$/.jdks/openjdk-16.0.2/lib/src.zip!/java.scripting" type="simple" />
            <root url="jar://$USER_HOME$/.jdks/openjdk-16.0.2/lib/src.zip!/jdk.httpserver" type="simple" />
            <root url="jar://$USER_HOME$/.jdks/openjdk-16.0.2/lib/src.zip!/jdk.jdwp.agent" type="simple" />
            <root url="jar://$USER_HOME$/.jdks/openjdk-16.0.2/lib/src.zip!/jdk.localedata" type="simple" />
            <root url="jar://$USER_HOME$/.jdks/openjdk-16.0.2/lib/src.zip!/jdk.management" type="simple" />
            <root url="jar://$USER_HOME$/.jdks/openjdk-16.0.2/lib/src.zip!/jdk.naming.dns" type="simple" />
            <root url="jar://$USER_HOME$/.jdks/openjdk-16.0.2/lib/src.zip!/jdk.naming.rmi" type="simple" />
            <root url="jar://$USER_HOME$/.jdks/openjdk-16.0.2/lib/src.zip!/java.instrument" type="simple" />
            <root url="jar://$USER_HOME$/.jdks/openjdk-16.0.2/lib/src.zip!/java.management" type="simple" />
            <root url="jar://$USER_HOME$/.jdks/openjdk-16.0.2/lib/src.zip!/java.sql.rowset" type="simple" />
            <root url="jar://$USER_HOME$/.jdks/openjdk-16.0.2/lib/src.zip!/java.xml.crypto" type="simple" />
            <root url="jar://$USER_HOME$/.jdks/openjdk-16.0.2/lib/src.zip!/jdk.internal.ed" type="simple" />
            <root url="jar://$USER_HOME$/.jdks/openjdk-16.0.2/lib/src.zip!/jdk.internal.le" type="simple" />
            <root url="jar://$USER_HOME$/.jdks/openjdk-16.0.2/lib/src.zip!/jdk.nio.mapmode" type="simple" />
            <root url="jar://$USER_HOME$/.jdks/openjdk-16.0.2/lib/src.zip!/jdk.unsupported" type="simple" />
            <root url="jar://$USER_HOME$/.jdks/openjdk-16.0.2/lib/src.zip!/java.smartcardio" type="simple" />
            <root url="jar://$USER_HOME$/.jdks/openjdk-16.0.2/lib/src.zip!/jdk.internal.opt" type="simple" />
            <root url="jar://$USER_HOME$/.jdks/openjdk-16.0.2/lib/src.zip!/java.datatransfer" type="simple" />
            <root url="jar://$USER_HOME$/.jdks/openjdk-16.0.2/lib/src.zip!/jdk.accessibility" type="simple" />
            <root url="jar://$USER_HOME$/.jdks/openjdk-16.0.2/lib/src.zip!/jdk.crypto.mscapi" type="simple" />
            <root url="jar://$USER_HOME$/.jdks/openjdk-16.0.2/lib/src.zip!/jdk.hotspot.agent" type="simple" />
            <root url="jar://$USER_HOME$/.jdks/openjdk-16.0.2/lib/src.zip!/jdk.security.auth" type="simple" />
            <root url="jar://$USER_HOME$/.jdks/openjdk-16.0.2/lib/src.zip!/jdk.security.jgss" type="simple" />
            <root url="jar://$USER_HOME$/.jdks/openjdk-16.0.2/lib/src.zip!/java.security.jgss" type="simple" />
            <root url="jar://$USER_HOME$/.jdks/openjdk-16.0.2/lib/src.zip!/java.security.sasl" type="simple" />
            <root url="jar://$USER_HOME$/.jdks/openjdk-16.0.2/lib/src.zip!/jdk.internal.vm.ci" type="simple" />
            <root url="jar://$USER_HOME$/.jdks/openjdk-16.0.2/lib/src.zip!/jdk.management.jfr" type="simple" />
            <root url="jar://$USER_HOME$/.jdks/openjdk-16.0.2/lib/src.zip!/java.management.rmi" type="simple" />
            <root url="jar://$USER_HOME$/.jdks/openjdk-16.0.2/lib/src.zip!/java.transaction.xa" type="simple" />
            <root url="jar://$USER_HOME$/.jdks/openjdk-16.0.2/lib/src.zip!/jdk.crypto.cryptoki" type="simple" />
            <root url="jar://$USER_HOME$/.jdks/openjdk-16.0.2/lib/src.zip!/jdk.incubator.vector" type="simple" />
            <root url="jar://$USER_HOME$/.jdks/openjdk-16.0.2/lib/src.zip!/jdk.internal.jvmstat" type="simple" />
            <root url="jar://$USER_HOME$/.jdks/openjdk-16.0.2/lib/src.zip!/jdk.management.agent" type="simple" />
            <root url="jar://$USER_HOME$/.jdks/openjdk-16.0.2/lib/src.zip!/jdk.incubator.foreign" type="simple" />
            <root url="jar://$USER_HOME$/.jdks/openjdk-16.0.2/lib/src.zip!/jdk.unsupported.desktop" type="simple" />
          </root>
        </sourcePath>
      </roots>
      <additional />
    </jdk>
    <jdk version="2">
      <name value="16" />
      <type value="JavaSDK" />
      <version value="version 16.0.2" />
      <homePath value="$USER_HOME$/.jdks/openjdk-16.0.2" />
      <roots>
        <annotationsPath>
          <root type="composite">
            <root url="jar://$APPLICATION_HOME_DIR$/plugins/java/lib/jdkAnnotations.jar!/" type="simple" />
          </root>
        </annotationsPath>
        <classPath>
          <root type="composite">
            <root url="jrt://C:/Users/Rawlin/.jdks/openjdk-16.0.2!/java.base" type="simple" />
            <root url="jrt://C:/Users/Rawlin/.jdks/openjdk-16.0.2!/java.compiler" type="simple" />
            <root url="jrt://C:/Users/Rawlin/.jdks/openjdk-16.0.2!/java.datatransfer" type="simple" />
            <root url="jrt://C:/Users/Rawlin/.jdks/openjdk-16.0.2!/java.desktop" type="simple" />
            <root url="jrt://C:/Users/Rawlin/.jdks/openjdk-16.0.2!/java.instrument" type="simple" />
            <root url="jrt://C:/Users/Rawlin/.jdks/openjdk-16.0.2!/java.logging" type="simple" />
            <root url="jrt://C:/Users/Rawlin/.jdks/openjdk-16.0.2!/java.management" type="simple" />
            <root url="jrt://C:/Users/Rawlin/.jdks/openjdk-16.0.2!/java.management.rmi" type="simple" />
            <root url="jrt://C:/Users/Rawlin/.jdks/openjdk-16.0.2!/java.naming" type="simple" />
            <root url="jrt://C:/Users/Rawlin/.jdks/openjdk-16.0.2!/java.net.http" type="simple" />
            <root url="jrt://C:/Users/Rawlin/.jdks/openjdk-16.0.2!/java.prefs" type="simple" />
            <root url="jrt://C:/Users/Rawlin/.jdks/openjdk-16.0.2!/java.rmi" type="simple" />
            <root url="jrt://C:/Users/Rawlin/.jdks/openjdk-16.0.2!/java.scripting" type="simple" />
            <root url="jrt://C:/Users/Rawlin/.jdks/openjdk-16.0.2!/java.se" type="simple" />
            <root url="jrt://C:/Users/Rawlin/.jdks/openjdk-16.0.2!/java.security.jgss" type="simple" />
            <root url="jrt://C:/Users/Rawlin/.jdks/openjdk-16.0.2!/java.security.sasl" type="simple" />
            <root url="jrt://C:/Users/Rawlin/.jdks/openjdk-16.0.2!/java.smartcardio" type="simple" />
            <root url="jrt://C:/Users/Rawlin/.jdks/openjdk-16.0.2!/java.sql" type="simple" />
            <root url="jrt://C:/Users/Rawlin/.jdks/openjdk-16.0.2!/java.sql.rowset" type="simple" />
            <root url="jrt://C:/Users/Rawlin/.jdks/openjdk-16.0.2!/java.transaction.xa" type="simple" />
            <root url="jrt://C:/Users/Rawlin/.jdks/openjdk-16.0.2!/java.xml" type="simple" />
            <root url="jrt://C:/Users/Rawlin/.jdks/openjdk-16.0.2!/java.xml.crypto" type="simple" />
            <root url="jrt://C:/Users/Rawlin/.jdks/openjdk-16.0.2!/jdk.accessibility" type="simple" />
            <root url="jrt://C:/Users/Rawlin/.jdks/openjdk-16.0.2!/jdk.attach" type="simple" />
            <root url="jrt://C:/Users/Rawlin/.jdks/openjdk-16.0.2!/jdk.charsets" type="simple" />
            <root url="jrt://C:/Users/Rawlin/.jdks/openjdk-16.0.2!/jdk.compiler" type="simple" />
            <root url="jrt://C:/Users/Rawlin/.jdks/openjdk-16.0.2!/jdk.crypto.cryptoki" type="simple" />
            <root url="jrt://C:/Users/Rawlin/.jdks/openjdk-16.0.2!/jdk.crypto.ec" type="simple" />
            <root url="jrt://C:/Users/Rawlin/.jdks/openjdk-16.0.2!/jdk.crypto.mscapi" type="simple" />
            <root url="jrt://C:/Users/Rawlin/.jdks/openjdk-16.0.2!/jdk.dynalink" type="simple" />
            <root url="jrt://C:/Users/Rawlin/.jdks/openjdk-16.0.2!/jdk.editpad" type="simple" />
            <root url="jrt://C:/Users/Rawlin/.jdks/openjdk-16.0.2!/jdk.hotspot.agent" type="simple" />
            <root url="jrt://C:/Users/Rawlin/.jdks/openjdk-16.0.2!/jdk.httpserver" type="simple" />
            <root url="jrt://C:/Users/Rawlin/.jdks/openjdk-16.0.2!/jdk.incubator.foreign" type="simple" />
            <root url="jrt://C:/Users/Rawlin/.jdks/openjdk-16.0.2!/jdk.incubator.vector" type="simple" />
            <root url="jrt://C:/Users/Rawlin/.jdks/openjdk-16.0.2!/jdk.internal.ed" type="simple" />
            <root url="jrt://C:/Users/Rawlin/.jdks/openjdk-16.0.2!/jdk.internal.jvmstat" type="simple" />
            <root url="jrt://C:/Users/Rawlin/.jdks/openjdk-16.0.2!/jdk.internal.le" type="simple" />
            <root url="jrt://C:/Users/Rawlin/.jdks/openjdk-16.0.2!/jdk.internal.opt" type="simple" />
            <root url="jrt://C:/Users/Rawlin/.jdks/openjdk-16.0.2!/jdk.internal.vm.ci" type="simple" />
            <root url="jrt://C:/Users/Rawlin/.jdks/openjdk-16.0.2!/jdk.jartool" type="simple" />
            <root url="jrt://C:/Users/Rawlin/.jdks/openjdk-16.0.2!/jdk.javadoc" type="simple" />
            <root url="jrt://C:/Users/Rawlin/.jdks/openjdk-16.0.2!/jdk.jcmd" type="simple" />
            <root url="jrt://C:/Users/Rawlin/.jdks/openjdk-16.0.2!/jdk.jconsole" type="simple" />
            <root url="jrt://C:/Users/Rawlin/.jdks/openjdk-16.0.2!/jdk.jdeps" type="simple" />
            <root url="jrt://C:/Users/Rawlin/.jdks/openjdk-16.0.2!/jdk.jdi" type="simple" />
            <root url="jrt://C:/Users/Rawlin/.jdks/openjdk-16.0.2!/jdk.jdwp.agent" type="simple" />
            <root url="jrt://C:/Users/Rawlin/.jdks/openjdk-16.0.2!/jdk.jfr" type="simple" />
            <root url="jrt://C:/Users/Rawlin/.jdks/openjdk-16.0.2!/jdk.jlink" type="simple" />
            <root url="jrt://C:/Users/Rawlin/.jdks/openjdk-16.0.2!/jdk.jpackage" type="simple" />
            <root url="jrt://C:/Users/Rawlin/.jdks/openjdk-16.0.2!/jdk.jshell" type="simple" />
            <root url="jrt://C:/Users/Rawlin/.jdks/openjdk-16.0.2!/jdk.jsobject" type="simple" />
            <root url="jrt://C:/Users/Rawlin/.jdks/openjdk-16.0.2!/jdk.jstatd" type="simple" />
            <root url="jrt://C:/Users/Rawlin/.jdks/openjdk-16.0.2!/jdk.localedata" type="simple" />
            <root url="jrt://C:/Users/Rawlin/.jdks/openjdk-16.0.2!/jdk.management" type="simple" />
            <root url="jrt://C:/Users/Rawlin/.jdks/openjdk-16.0.2!/jdk.management.agent" type="simple" />
            <root url="jrt://C:/Users/Rawlin/.jdks/openjdk-16.0.2!/jdk.management.jfr" type="simple" />
            <root url="jrt://C:/Users/Rawlin/.jdks/openjdk-16.0.2!/jdk.naming.dns" type="simple" />
            <root url="jrt://C:/Users/Rawlin/.jdks/openjdk-16.0.2!/jdk.naming.rmi" type="simple" />
            <root url="jrt://C:/Users/Rawlin/.jdks/openjdk-16.0.2!/jdk.net" type="simple" />
            <root url="jrt://C:/Users/Rawlin/.jdks/openjdk-16.0.2!/jdk.nio.mapmode" type="simple" />
            <root url="jrt://C:/Users/Rawlin/.jdks/openjdk-16.0.2!/jdk.sctp" type="simple" />
            <root url="jrt://C:/Users/Rawlin/.jdks/openjdk-16.0.2!/jdk.security.auth" type="simple" />
            <root url="jrt://C:/Users/Rawlin/.jdks/openjdk-16.0.2!/jdk.security.jgss" type="simple" />
            <root url="jrt://C:/Users/Rawlin/.jdks/openjdk-16.0.2!/jdk.unsupported" type="simple" />
            <root url="jrt://C:/Users/Rawlin/.jdks/openjdk-16.0.2!/jdk.unsupported.desktop" type="simple" />
            <root url="jrt://C:/Users/Rawlin/.jdks/openjdk-16.0.2!/jdk.xml.dom" type="simple" />
            <root url="jrt://C:/Users/Rawlin/.jdks/openjdk-16.0.2!/jdk.zipfs" type="simple" />
          </root>
        </classPath>
        <javadocPath>
          <root type="composite" />
        </javadocPath>
        <sourcePath>
          <root type="composite">
            <root url="jar://$USER_HOME$/.jdks/openjdk-16.0.2/lib/src.zip!/java.se" type="simple" />
            <root url="jar://$USER_HOME$/.jdks/openjdk-16.0.2/lib/src.zip!/jdk.jdi" type="simple" />
            <root url="jar://$USER_HOME$/.jdks/openjdk-16.0.2/lib/src.zip!/jdk.jfr" type="simple" />
            <root url="jar://$USER_HOME$/.jdks/openjdk-16.0.2/lib/src.zip!/jdk.net" type="simple" />
            <root url="jar://$USER_HOME$/.jdks/openjdk-16.0.2/lib/src.zip!/java.rmi" type="simple" />
            <root url="jar://$USER_HOME$/.jdks/openjdk-16.0.2/lib/src.zip!/java.sql" type="simple" />
            <root url="jar://$USER_HOME$/.jdks/openjdk-16.0.2/lib/src.zip!/java.xml" type="simple" />
            <root url="jar://$USER_HOME$/.jdks/openjdk-16.0.2/lib/src.zip!/jdk.jcmd" type="simple" />
            <root url="jar://$USER_HOME$/.jdks/openjdk-16.0.2/lib/src.zip!/jdk.sctp" type="simple" />
            <root url="jar://$USER_HOME$/.jdks/openjdk-16.0.2/lib/src.zip!/java.base" type="simple" />
            <root url="jar://$USER_HOME$/.jdks/openjdk-16.0.2/lib/src.zip!/jdk.jdeps" type="simple" />
            <root url="jar://$USER_HOME$/.jdks/openjdk-16.0.2/lib/src.zip!/jdk.jlink" type="simple" />
            <root url="jar://$USER_HOME$/.jdks/openjdk-16.0.2/lib/src.zip!/jdk.zipfs" type="simple" />
            <root url="jar://$USER_HOME$/.jdks/openjdk-16.0.2/lib/src.zip!/java.prefs" type="simple" />
            <root url="jar://$USER_HOME$/.jdks/openjdk-16.0.2/lib/src.zip!/jdk.attach" type="simple" />
            <root url="jar://$USER_HOME$/.jdks/openjdk-16.0.2/lib/src.zip!/jdk.jshell" type="simple" />
            <root url="jar://$USER_HOME$/.jdks/openjdk-16.0.2/lib/src.zip!/jdk.jstatd" type="simple" />
            <root url="jar://$USER_HOME$/.jdks/openjdk-16.0.2/lib/src.zip!/java.naming" type="simple" />
            <root url="jar://$USER_HOME$/.jdks/openjdk-16.0.2/lib/src.zip!/jdk.editpad" type="simple" />
            <root url="jar://$USER_HOME$/.jdks/openjdk-16.0.2/lib/src.zip!/jdk.jartool" type="simple" />
            <root url="jar://$USER_HOME$/.jdks/openjdk-16.0.2/lib/src.zip!/jdk.javadoc" type="simple" />
            <root url="jar://$USER_HOME$/.jdks/openjdk-16.0.2/lib/src.zip!/jdk.xml.dom" type="simple" />
            <root url="jar://$USER_HOME$/.jdks/openjdk-16.0.2/lib/src.zip!/java.desktop" type="simple" />
            <root url="jar://$USER_HOME$/.jdks/openjdk-16.0.2/lib/src.zip!/java.logging" type="simple" />
            <root url="jar://$USER_HOME$/.jdks/openjdk-16.0.2/lib/src.zip!/jdk.charsets" type="simple" />
            <root url="jar://$USER_HOME$/.jdks/openjdk-16.0.2/lib/src.zip!/jdk.compiler" type="simple" />
            <root url="jar://$USER_HOME$/.jdks/openjdk-16.0.2/lib/src.zip!/jdk.dynalink" type="simple" />
            <root url="jar://$USER_HOME$/.jdks/openjdk-16.0.2/lib/src.zip!/jdk.jconsole" type="simple" />
            <root url="jar://$USER_HOME$/.jdks/openjdk-16.0.2/lib/src.zip!/jdk.jpackage" type="simple" />
            <root url="jar://$USER_HOME$/.jdks/openjdk-16.0.2/lib/src.zip!/jdk.jsobject" type="simple" />
            <root url="jar://$USER_HOME$/.jdks/openjdk-16.0.2/lib/src.zip!/java.compiler" type="simple" />
            <root url="jar://$USER_HOME$/.jdks/openjdk-16.0.2/lib/src.zip!/java.net.http" type="simple" />
            <root url="jar://$USER_HOME$/.jdks/openjdk-16.0.2/lib/src.zip!/jdk.crypto.ec" type="simple" />
            <root url="jar://$USER_HOME$/.jdks/openjdk-16.0.2/lib/src.zip!/java.scripting" type="simple" />
            <root url="jar://$USER_HOME$/.jdks/openjdk-16.0.2/lib/src.zip!/jdk.httpserver" type="simple" />
            <root url="jar://$USER_HOME$/.jdks/openjdk-16.0.2/lib/src.zip!/jdk.jdwp.agent" type="simple" />
            <root url="jar://$USER_HOME$/.jdks/openjdk-16.0.2/lib/src.zip!/jdk.localedata" type="simple" />
            <root url="jar://$USER_HOME$/.jdks/openjdk-16.0.2/lib/src.zip!/jdk.management" type="simple" />
            <root url="jar://$USER_HOME$/.jdks/openjdk-16.0.2/lib/src.zip!/jdk.naming.dns" type="simple" />
            <root url="jar://$USER_HOME$/.jdks/openjdk-16.0.2/lib/src.zip!/jdk.naming.rmi" type="simple" />
            <root url="jar://$USER_HOME$/.jdks/openjdk-16.0.2/lib/src.zip!/java.instrument" type="simple" />
            <root url="jar://$USER_HOME$/.jdks/openjdk-16.0.2/lib/src.zip!/java.management" type="simple" />
            <root url="jar://$USER_HOME$/.jdks/openjdk-16.0.2/lib/src.zip!/java.sql.rowset" type="simple" />
            <root url="jar://$USER_HOME$/.jdks/openjdk-16.0.2/lib/src.zip!/java.xml.crypto" type="simple" />
            <root url="jar://$USER_HOME$/.jdks/openjdk-16.0.2/lib/src.zip!/jdk.internal.ed" type="simple" />
            <root url="jar://$USER_HOME$/.jdks/openjdk-16.0.2/lib/src.zip!/jdk.internal.le" type="simple" />
            <root url="jar://$USER_HOME$/.jdks/openjdk-16.0.2/lib/src.zip!/jdk.nio.mapmode" type="simple" />
            <root url="jar://$USER_HOME$/.jdks/openjdk-16.0.2/lib/src.zip!/jdk.unsupported" type="simple" />
            <root url="jar://$USER_HOME$/.jdks/openjdk-16.0.2/lib/src.zip!/java.smartcardio" type="simple" />
            <root url="jar://$USER_HOME$/.jdks/openjdk-16.0.2/lib/src.zip!/jdk.internal.opt" type="simple" />
            <root url="jar://$USER_HOME$/.jdks/openjdk-16.0.2/lib/src.zip!/java.datatransfer" type="simple" />
            <root url="jar://$USER_HOME$/.jdks/openjdk-16.0.2/lib/src.zip!/jdk.accessibility" type="simple" />
            <root url="jar://$USER_HOME$/.jdks/openjdk-16.0.2/lib/src.zip!/jdk.crypto.mscapi" type="simple" />
            <root url="jar://$USER_HOME$/.jdks/openjdk-16.0.2/lib/src.zip!/jdk.hotspot.agent" type="simple" />
            <root url="jar://$USER_HOME$/.jdks/openjdk-16.0.2/lib/src.zip!/jdk.security.auth" type="simple" />
            <root url="jar://$USER_HOME$/.jdks/openjdk-16.0.2/lib/src.zip!/jdk.security.jgss" type="simple" />
            <root url="jar://$USER_HOME$/.jdks/openjdk-16.0.2/lib/src.zip!/java.security.jgss" type="simple" />
            <root url="jar://$USER_HOME$/.jdks/openjdk-16.0.2/lib/src.zip!/java.security.sasl" type="simple" />
            <root url="jar://$USER_HOME$/.jdks/openjdk-16.0.2/lib/src.zip!/jdk.internal.vm.ci" type="simple" />
            <root url="jar://$USER_HOME$/.jdks/openjdk-16.0.2/lib/src.zip!/jdk.management.jfr" type="simple" />
            <root url="jar://$USER_HOME$/.jdks/openjdk-16.0.2/lib/src.zip!/java.management.rmi" type="simple" />
            <root url="jar://$USER_HOME$/.jdks/openjdk-16.0.2/lib/src.zip!/java.transaction.xa" type="simple" />
            <root url="jar://$USER_HOME$/.jdks/openjdk-16.0.2/lib/src.zip!/jdk.crypto.cryptoki" type="simple" />
            <root url="jar://$USER_HOME$/.jdks/openjdk-16.0.2/lib/src.zip!/jdk.incubator.vector" type="simple" />
            <root url="jar://$USER_HOME$/.jdks/openjdk-16.0.2/lib/src.zip!/jdk.internal.jvmstat" type="simple" />
            <root url="jar://$USER_HOME$/.jdks/openjdk-16.0.2/lib/src.zip!/jdk.management.agent" type="simple" />
            <root url="jar://$USER_HOME$/.jdks/openjdk-16.0.2/lib/src.zip!/jdk.incubator.foreign" type="simple" />
            <root url="jar://$USER_HOME$/.jdks/openjdk-16.0.2/lib/src.zip!/jdk.unsupported.desktop" type="simple" />
          </root>
        </sourcePath>
      </roots>
      <additional />
    </jdk>
    <jdk version="2">
      <name value="corretto-1.8" />
      <type value="JavaSDK" />
      <version value="version 1.8.0_302" />
      <homePath value="$USER_HOME$/.jdks/corretto-1.8.0_302" />
      <roots>
        <annotationsPath>
          <root type="composite">
            <root url="jar://$APPLICATION_HOME_DIR$/plugins/java/lib/jdkAnnotations.jar!/" type="simple" />
          </root>
        </annotationsPath>
        <classPath>
          <root type="composite">
            <root url="jar://$USER_HOME$/.jdks/corretto-1.8.0_302/jre/lib/charsets.jar!/" type="simple" />
            <root url="jar://$USER_HOME$/.jdks/corretto-1.8.0_302/jre/lib/ext/access-bridge-64.jar!/" type="simple" />
            <root url="jar://$USER_HOME$/.jdks/corretto-1.8.0_302/jre/lib/ext/cldrdata.jar!/" type="simple" />
            <root url="jar://$USER_HOME$/.jdks/corretto-1.8.0_302/jre/lib/ext/dnsns.jar!/" type="simple" />
            <root url="jar://$USER_HOME$/.jdks/corretto-1.8.0_302/jre/lib/ext/jaccess.jar!/" type="simple" />
            <root url="jar://$USER_HOME$/.jdks/corretto-1.8.0_302/jre/lib/ext/jfxrt.jar!/" type="simple" />
            <root url="jar://$USER_HOME$/.jdks/corretto-1.8.0_302/jre/lib/ext/localedata.jar!/" type="simple" />
            <root url="jar://$USER_HOME$/.jdks/corretto-1.8.0_302/jre/lib/ext/nashorn.jar!/" type="simple" />
            <root url="jar://$USER_HOME$/.jdks/corretto-1.8.0_302/jre/lib/ext/sunec.jar!/" type="simple" />
            <root url="jar://$USER_HOME$/.jdks/corretto-1.8.0_302/jre/lib/ext/sunjce_provider.jar!/" type="simple" />
            <root url="jar://$USER_HOME$/.jdks/corretto-1.8.0_302/jre/lib/ext/sunmscapi.jar!/" type="simple" />
            <root url="jar://$USER_HOME$/.jdks/corretto-1.8.0_302/jre/lib/ext/sunpkcs11.jar!/" type="simple" />
            <root url="jar://$USER_HOME$/.jdks/corretto-1.8.0_302/jre/lib/ext/zipfs.jar!/" type="simple" />
            <root url="jar://$USER_HOME$/.jdks/corretto-1.8.0_302/jre/lib/jce.jar!/" type="simple" />
            <root url="jar://$USER_HOME$/.jdks/corretto-1.8.0_302/jre/lib/jfr.jar!/" type="simple" />
            <root url="jar://$USER_HOME$/.jdks/corretto-1.8.0_302/jre/lib/jfxswt.jar!/" type="simple" />
            <root url="jar://$USER_HOME$/.jdks/corretto-1.8.0_302/jre/lib/jsse.jar!/" type="simple" />
            <root url="jar://$USER_HOME$/.jdks/corretto-1.8.0_302/jre/lib/management-agent.jar!/" type="simple" />
            <root url="jar://$USER_HOME$/.jdks/corretto-1.8.0_302/jre/lib/resources.jar!/" type="simple" />
            <root url="jar://$USER_HOME$/.jdks/corretto-1.8.0_302/jre/lib/rt.jar!/" type="simple" />
          </root>
        </classPath>
        <javadocPath>
          <root type="composite" />
        </javadocPath>
        <sourcePath>
          <root type="composite">
            <root url="jar://$USER_HOME$/.jdks/corretto-1.8.0_302/src.zip!/" type="simple" />
            <root url="jar://$USER_HOME$/.jdks/corretto-1.8.0_302/javafx-src.zip!/" type="simple" />
          </root>
        </sourcePath>
      </roots>
      <additional />
    </jdk>
    <jdk version="2">
      <name value="Android API 19 Platform" />
      <type value="Android SDK" />
      <version value="version 1.8.0_302" />
      <homePath value="$USER_HOME$/AppData/Local/Android/Sdk" />
      <roots>
        <annotationsPath>
          <root type="composite">
            <root url="jar://$APPLICATION_HOME_DIR$/plugins/android/resources/androidAnnotations.jar!/" type="simple" />
          </root>
        </annotationsPath>
        <classPath>
          <root type="composite">
            <root url="jar://$USER_HOME$/AppData/Local/Android/Sdk/platforms/android-19/android.jar!/" type="simple" />
            <root url="file://$USER_HOME$/AppData/Local/Android/Sdk/platforms/android-19/data/res" type="simple" />
          </root>
        </classPath>
        <javadocPath>
          <root type="composite">
            <root url="http://developer.android.com/reference/" type="simple" />
          </root>
        </javadocPath>
        <sourcePath>
          <root type="composite" />
        </sourcePath>
      </roots>
      <additional jdk="1.8" sdk="android-19" />
    </jdk>
    <jdk version="2">
      <name value="Android API 23 Platform" />
      <type value="Android SDK" />
      <version value="version 1.8.0_302" />
      <homePath value="$USER_HOME$/AppData/Local/Android/Sdk" />
      <roots>
        <annotationsPath>
          <root type="composite">
            <root url="jar://$APPLICATION_HOME_DIR$/plugins/android/resources/androidAnnotations.jar!/" type="simple" />
          </root>
        </annotationsPath>
        <classPath>
          <root type="composite">
            <root url="jar://$USER_HOME$/AppData/Local/Android/Sdk/platforms/android-23/android.jar!/" type="simple" />
            <root url="file://$USER_HOME$/AppData/Local/Android/Sdk/platforms/android-23/data/res" type="simple" />
          </root>
        </classPath>
        <javadocPath>
          <root type="composite">
            <root url="http://developer.android.com/reference/" type="simple" />
          </root>
        </javadocPath>
        <sourcePath>
          <root type="composite" />
        </sourcePath>
      </roots>
      <additional jdk="1.8" sdk="android-23" />
    </jdk>
    <jdk version="2">
      <name value="Android API 26 Platform" />
      <type value="Android SDK" />
      <version value="version 1.8.0_302" />
      <homePath value="$USER_HOME$/AppData/Local/Android/Sdk" />
      <roots>
        <annotationsPath>
          <root type="composite">
            <root url="jar://$APPLICATION_HOME_DIR$/plugins/android/resources/androidAnnotations.jar!/" type="simple" />
          </root>
        </annotationsPath>
        <classPath>
          <root type="composite">
            <root url="jar://$USER_HOME$/AppData/Local/Android/Sdk/platforms/android-26/android.jar!/" type="simple" />
            <root url="file://$USER_HOME$/AppData/Local/Android/Sdk/platforms/android-26/data/res" type="simple" />
          </root>
        </classPath>
        <javadocPath>
          <root type="composite">
            <root url="http://developer.android.com/reference/" type="simple" />
          </root>
        </javadocPath>
        <sourcePath>
          <root type="composite" />
        </sourcePath>
      </roots>
      <additional jdk="1.8" sdk="android-26" />
    </jdk>
    <jdk version="2">
      <name value="Android API 27 Platform" />
      <type value="Android SDK" />
      <version value="version 1.8.0_302" />
      <homePath value="$USER_HOME$/AppData/Local/Android/Sdk" />
      <roots>
        <annotationsPath>
          <root type="composite">
            <root url="jar://$APPLICATION_HOME_DIR$/plugins/android/resources/androidAnnotations.jar!/" type="simple" />
          </root>
        </annotationsPath>
        <classPath>
          <root type="composite">
            <root url="jar://$USER_HOME$/AppData/Local/Android/Sdk/platforms/android-27/android.jar!/" type="simple" />
            <root url="file://$USER_HOME$/AppData/Local/Android/Sdk/platforms/android-27/data/res" type="simple" />
          </root>
        </classPath>
        <javadocPath>
          <root type="composite">
            <root url="http://developer.android.com/reference/" type="simple" />
          </root>
        </javadocPath>
        <sourcePath>
          <root type="composite" />
        </sourcePath>
      </roots>
      <additional jdk="1.8" sdk="android-27" />
    </jdk>
    <jdk version="2">
      <name value="Android API 28 Platform" />
      <type value="Android SDK" />
      <version value="version 1.8.0_302" />
      <homePath value="$USER_HOME$/AppData/Local/Android/Sdk" />
      <roots>
        <annotationsPath>
          <root type="composite">
            <root url="jar://$USER_HOME$/AppData/Local/Android/Sdk/platforms/android-28/data/annotations.zip!/" type="simple" />
          </root>
        </annotationsPath>
        <classPath>
          <root type="composite">
            <root url="jar://$USER_HOME$/AppData/Local/Android/Sdk/platforms/android-28/android.jar!/" type="simple" />
            <root url="file://$USER_HOME$/AppData/Local/Android/Sdk/platforms/android-28/data/res" type="simple" />
          </root>
        </classPath>
        <javadocPath>
          <root type="composite" />
        </javadocPath>
        <sourcePath>
          <root type="composite">
            <root url="file://$USER_HOME$/AppData/Local/Android/Sdk/sources/android-28" type="simple" />
          </root>
        </sourcePath>
      </roots>
      <additional jdk="1.8" sdk="android-28" />
    </jdk>
    <jdk version="2">
      <name value="Android API 29 Platform" />
      <type value="Android SDK" />
      <version value="version 1.8.0_302" />
      <homePath value="$USER_HOME$/AppData/Local/Android/Sdk" />
      <roots>
        <annotationsPath>
          <root type="composite">
            <root url="jar://$USER_HOME$/AppData/Local/Android/Sdk/platforms/android-29/data/annotations.zip!/" type="simple" />
          </root>
        </annotationsPath>
        <classPath>
          <root type="composite">
            <root url="jar://$USER_HOME$/AppData/Local/Android/Sdk/platforms/android-29/android.jar!/" type="simple" />
            <root url="file://$USER_HOME$/AppData/Local/Android/Sdk/platforms/android-29/data/res" type="simple" />
          </root>
        </classPath>
        <javadocPath>
          <root type="composite" />
        </javadocPath>
        <sourcePath>
          <root type="composite">
            <root url="file://$USER_HOME$/AppData/Local/Android/Sdk/sources/android-29" type="simple" />
          </root>
        </sourcePath>
      </roots>
      <additional jdk="1.8" sdk="android-29" />
    </jdk>
    <jdk version="2">
      <name value="Android API 30 Platform" />
      <type value="Android SDK" />
      <version value="version 1.8.0_302" />
      <homePath value="$USER_HOME$/AppData/Local/Android/Sdk" />
      <roots>
        <annotationsPath>
          <root type="composite">
            <root url="jar://$USER_HOME$/AppData/Local/Android/Sdk/platforms/android-30/data/annotations.zip!/" type="simple" />
          </root>
        </annotationsPath>
        <classPath>
          <root type="composite">
            <root url="jar://$USER_HOME$/AppData/Local/Android/Sdk/platforms/android-30/android.jar!/" type="simple" />
            <root url="file://$USER_HOME$/AppData/Local/Android/Sdk/platforms/android-30/data/res" type="simple" />
          </root>
        </classPath>
        <javadocPath>
          <root type="composite" />
        </javadocPath>
        <sourcePath>
          <root type="composite">
            <root url="file://$USER_HOME$/AppData/Local/Android/Sdk/sources/android-30" type="simple" />
          </root>
        </sourcePath>
      </roots>
      <additional jdk="1.8" sdk="android-30" />
    </jdk>
    <jdk version="2">
      <name value="Android API 21 Platform" />
      <type value="Android SDK" />
      <version value="version 1.8.0_302" />
      <homePath value="$USER_HOME$/AppData/Local/Android/Sdk" />
      <roots>
        <annotationsPath>
          <root type="composite">
            <root url="jar://$APPLICATION_HOME_DIR$/plugins/android/resources/androidAnnotations.jar!/" type="simple" />
          </root>
        </annotationsPath>
        <classPath>
          <root type="composite">
            <root url="jar://$USER_HOME$/AppData/Local/Android/Sdk/platforms/android-21/android.jar!/" type="simple" />
            <root url="file://$USER_HOME$/AppData/Local/Android/Sdk/platforms/android-21/data/res" type="simple" />
          </root>
        </classPath>
        <javadocPath>
          <root type="composite">
            <root url="http://developer.android.com/reference/" type="simple" />
          </root>
        </javadocPath>
        <sourcePath>
          <root type="composite" />
        </sourcePath>
      </roots>
      <additional jdk="1.8" sdk="android-21" />
    </jdk>
    <jdk version="2">
      <name value="Android API 25 Platform" />
      <type value="Android SDK" />
      <version value="version 1.8.0_302" />
      <homePath value="$USER_HOME$/AppData/Local/Android/Sdk" />
      <roots>
        <annotationsPath>
          <root type="composite">
            <root url="jar://$APPLICATION_HOME_DIR$/plugins/android/resources/androidAnnotations.jar!/" type="simple" />
          </root>
        </annotationsPath>
        <classPath>
          <root type="composite">
            <root url="jar://$USER_HOME$/AppData/Local/Android/Sdk/platforms/android-25/android.jar!/" type="simple" />
            <root url="file://$USER_HOME$/AppData/Local/Android/Sdk/platforms/android-25/data/res" type="simple" />
          </root>
        </classPath>
        <javadocPath>
          <root type="composite">
            <root url="http://developer.android.com/reference/" type="simple" />
          </root>
        </javadocPath>
        <sourcePath>
          <root type="composite" />
        </sourcePath>
      </roots>
      <additional jdk="1.8" sdk="android-25" />
    </jdk>
    <jdk version="2">
      <name value="Android API 31 Platform" />
      <type value="Android SDK" />
      <version value="version 1.8.0_302" />
      <homePath value="$USER_HOME$/AppData/Local/Android/Sdk" />
      <roots>
        <annotationsPath>
          <root type="composite">
            <root url="jar://$USER_HOME$/AppData/Local/Android/Sdk/platforms/android-31/data/annotations.zip!/" type="simple" />
          </root>
        </annotationsPath>
        <classPath>
          <root type="composite">
            <root url="jar://$USER_HOME$/AppData/Local/Android/Sdk/platforms/android-31/android.jar!/" type="simple" />
            <root url="file://$USER_HOME$/AppData/Local/Android/Sdk/platforms/android-31/data/res" type="simple" />
          </root>
        </classPath>
        <javadocPath>
          <root type="composite" />
        </javadocPath>
        <sourcePath>
          <root type="composite">
            <root url="file://$USER_HOME$/AppData/Local/Android/Sdk/sources/android-31" type="simple" />
          </root>
        </sourcePath>
      </roots>
      <additional jdk="1.8" sdk="android-31" />
    </jdk>
    <jdk version="2">
      <name value="Android API 32 Platform" />
      <type value="Android SDK" />
      <version value="version 1.8.0_302" />
      <homePath value="$USER_HOME$/AppData/Local/Android/Sdk" />
      <roots>
        <annotationsPath>
          <root type="composite">
            <root url="jar://$USER_HOME$/AppData/Local/Android/Sdk/platforms/android-32/data/annotations.zip!/" type="simple" />
          </root>
        </annotationsPath>
        <classPath>
          <root type="composite">
            <root url="jar://$USER_HOME$/AppData/Local/Android/Sdk/platforms/android-32/android.jar!/" type="simple" />
            <root url="file://$USER_HOME$/AppData/Local/Android/Sdk/platforms/android-32/data/res" type="simple" />
          </root>
        </classPath>
        <javadocPath>
          <root type="composite">
            <root url="http://developer.android.com/reference/" type="simple" />
          </root>
        </javadocPath>
        <sourcePath>
          <root type="composite" />
        </sourcePath>
      </roots>
      <additional jdk="1.8" sdk="android-32" />
    </jdk>
  </component>
</application>